{"val/acc": 0.1000673845410347, "val/loss": 2.454770803451538, "val/loss.a": 2.4554858207702637, "val/acc.a": 0.10000000149011612, "val/cnt.a": 3300.0, "val/acc.real": 0.10020242631435394, "val/count.real": 9880.0, "val/lloss.real": 2.454824209213257, "val/loss.b": 2.4557526111602783, "val/acc.b": 0.10030394792556763, "val/cnt.b": 3290.0, "val/loss.c": 2.453232765197754, "val/acc.c": 0.10030394792556763, "val/cnt.c": 3290.0, "val/loss.s1": 2.4547133445739746, "val/acc.s1": 0.10000000149011612, "val/cnt.s1": 3300.0, "val/acc.seen": 0.10000000149011612, "val/count.seen": 9900.0, "val/lloss.seen": 2.4542295932769775, "val/loss.s2": 2.4538705348968506, "val/acc.s2": 0.10000000149011612, "val/cnt.s2": 3300.0, "val/loss.s3": 2.4541051387786865, "val/acc.s3": 0.10000000149011612, "val/cnt.s3": 3300.0, "val/loss.s4": 2.4549238681793213, "val/acc.s4": 0.10000000149011612, "val/cnt.s4": 3300.0, "val/acc.unseen": 0.10000000149011612, "val/count.unseen": 9900.0, "val/lloss.unseen": 2.4544906616210938, "val/loss.s5": 2.4538891315460205, "val/acc.s5": 0.10000000149011612, "val/cnt.s5": 3300.0, "val/loss.s6": 2.4546589851379395, "val/acc.s6": 0.10000000149011612, "val/cnt.s6": 3300.0, "val/loss.airport": 2.3096349239349365, "val/acc.airport": 0.0, "val/cnt.airport": 2960.0, "val/loss.bus": 2.75839900970459, "val/acc.bus": 0.0, "val/cnt.bus": 2970.0, "val/loss.metro": 2.7473485469818115, "val/acc.metro": 0.0, "val/cnt.metro": 2970.0, "val/loss.metro_station": 2.8477160930633545, "val/acc.metro_station": 0.0, "val/cnt.metro_station": 2970.0, "val/loss.park": 2.600386142730713, "val/acc.park": 0.0, "val/cnt.park": 2970.0, "val/loss.public_square": 1.3894879817962646, "val/acc.public_square": 1.0, "val/cnt.public_square": 2970.0, "val/loss.shopping_mall": 2.6174933910369873, "val/acc.shopping_mall": 0.0, "val/cnt.shopping_mall": 2970.0, "val/loss.street_pedestrian": 1.6004791259765625, "val/acc.street_pedestrian": 0.0, "val/cnt.street_pedestrian": 2970.0, "val/loss.street_traffic": 2.7471320629119873, "val/acc.street_traffic": 0.0, "val/cnt.street_traffic": 2970.0, "val/loss.tram": 2.9281771183013916, "val/acc.tram": 0.0, "val/cnt.tram": 2960.0, "val/macro_avg_acc": 0.10000000149011612, "epoch": 1, "trainer/global_step": 28, "_timestamp": 1730389010.8105466, "_runtime": 583.0210225582123, "_step": 1, "test/acc": 0.1000673845410347, "test/loss": 2.455078125, "test/loss.a": 2.455496311187744, "test/acc.a": 0.10000000149011612, "test/cnt.a": 3300.0, "test/acc.real": 0.10020242631435394, "test/count.real": 9880.0, "test/lloss.real": 2.4548239707946777, "test/loss.b": 2.45575213432312, "test/acc.b": 0.10030394792556763, "test/cnt.b": 3290.0, "test/loss.c": 2.453220844268799, "test/acc.c": 0.10030394792556763, "test/cnt.c": 3290.0, "test/loss.s1": 2.4547224044799805, "test/acc.s1": 0.10000000149011612, "test/cnt.s1": 3300.0, "test/acc.seen": 0.10000000149011612, "test/count.seen": 9900.0, "test/lloss.seen": 2.4542365074157715, "test/loss.s2": 2.4538750648498535, "test/acc.s2": 0.10000000149011612, "test/cnt.s2": 3300.0, "test/loss.s3": 2.4541118144989014, "test/acc.s3": 0.10000000149011612, "test/cnt.s3": 3300.0, "test/loss.s4": 2.4549286365509033, "test/acc.s4": 0.10000000149011612, "test/cnt.s4": 3300.0, "test/acc.unseen": 0.10000000149011612, "test/count.unseen": 9900.0, "test/lloss.unseen": 2.4545013904571533, "test/loss.s5": 2.4538991451263428, "test/acc.s5": 0.10000000149011612, "test/cnt.s5": 3300.0, "test/loss.s6": 2.454676628112793, "test/acc.s6": 0.10000000149011612, "test/cnt.s6": 3300.0, "test/loss.airport": 2.3094213008880615, "test/acc.airport": 0.0, "test/cnt.airport": 2960.0, "test/loss.bus": 2.758633852005005, "test/acc.bus": 0.0, "test/cnt.bus": 2970.0, "test/loss.metro": 2.7476253509521484, "test/acc.metro": 0.0, "test/cnt.metro": 2970.0, "test/loss.metro_station": 2.8474037647247314, "test/acc.metro_station": 0.0, "test/cnt.metro_station": 2970.0, "test/loss.park": 2.6002590656280518, "test/acc.park": 0.0, "test/cnt.park": 2970.0, "test/loss.public_square": 1.3896116018295288, "test/acc.public_square": 1.0, "test/cnt.public_square": 2970.0, "test/loss.shopping_mall": 2.617172956466675, "test/acc.shopping_mall": 0.0, "test/cnt.shopping_mall": 2970.0, "test/loss.street_pedestrian": 1.600389003753662, "test/acc.street_pedestrian": 0.0, "test/cnt.street_pedestrian": 2970.0, "test/loss.street_traffic": 2.7474794387817383, "test/acc.street_traffic": 0.0, "test/cnt.street_traffic": 2970.0, "test/loss.tram": 2.928314447402954, "test/acc.tram": 0.0, "test/cnt.tram": 2960.0, "test/macro_avg_acc": 0.10000000149011612, "_wandb": {"runtime": 581}}