{"val/acc": 0.16977763175964355, "val/loss": 2.2291622161865234, "val/loss.a": 2.1265461444854736, "val/acc.a": 0.2136363685131073, "val/cnt.a": 3300.0, "val/acc.real": 0.20374493300914764, "val/count.real": 9880.0, "val/lloss.real": 2.154448986053467, "val/loss.b": 2.1637229919433594, "val/acc.b": 0.203343465924263, "val/cnt.b": 3290.0, "val/loss.c": 2.1731619834899902, "val/acc.c": 0.19422492384910583, "val/cnt.c": 3290.0, "val/loss.s1": 2.228069543838501, "val/acc.s1": 0.19151514768600464, "val/cnt.s1": 3300.0, "val/acc.seen": 0.1688888818025589, "val/count.seen": 9900.0, "val/lloss.seen": 2.245544910430908, "val/loss.s2": 2.278325080871582, "val/acc.s2": 0.1239393949508667, "val/cnt.s2": 3300.0, "val/loss.s3": 2.2302401065826416, "val/acc.s3": 0.19121211767196655, "val/cnt.s3": 3300.0, "val/loss.s4": 2.282397985458374, "val/acc.s4": 0.13606061041355133, "val/cnt.s4": 3300.0, "val/acc.unseen": 0.1367676705121994, "val/count.unseen": 9900.0, "val/lloss.unseen": 2.287564992904663, "val/loss.s5": 2.270040273666382, "val/acc.s5": 0.1472727209329605, "val/cnt.s5": 3300.0, "val/loss.s6": 2.3102574348449707, "val/acc.s6": 0.12696969509124756, "val/cnt.s6": 3300.0, "val/loss.airport": 2.3192713260650635, "val/acc.airport": 0.0878378376364708, "val/cnt.airport": 2960.0, "val/loss.bus": 2.349818229675293, "val/acc.bus": 0.03030303120613098, "val/cnt.bus": 2970.0, "val/loss.metro": 2.3063650131225586, "val/acc.metro": 0.043097641319036484, "val/cnt.metro": 2970.0, "val/loss.metro_station": 2.114060640335083, "val/acc.metro_station": 0.2202020138502121, "val/cnt.metro_station": 2970.0, "val/loss.park": 1.989195466041565, "val/acc.park": 0.6010100841522217, "val/cnt.park": 2970.0, "val/loss.public_square": 2.572810649871826, "val/acc.public_square": 0.03434343263506889, "val/cnt.public_square": 2970.0, "val/loss.shopping_mall": 2.3429670333862305, "val/acc.shopping_mall": 0.07676767557859421, "val/cnt.shopping_mall": 2970.0, "val/loss.street_pedestrian": 2.3366384506225586, "val/acc.street_pedestrian": 0.003703703638166189, "val/cnt.street_pedestrian": 2970.0, "val/loss.street_traffic": 1.7151762247085571, "val/acc.street_traffic": 0.526262640953064, "val/cnt.street_traffic": 2970.0, "val/loss.tram": 2.2464241981506348, "val/acc.tram": 0.07364864647388458, "val/cnt.tram": 2960.0, "val/macro_avg_acc": 0.1697176843881607, "epoch": 4, "trainer/global_step": 139, "_timestamp": 1740545715.4038956, "_runtime": 449.05048751831055, "_step": 6, "lr": 0.0002474999928381294, "train/loss": 2.256924629211426, "_wandb": {"runtime": 448}}