{"val/acc": 0.20468328893184662, "val/loss": 2.2038702964782715, "val/loss.a": 2.1566174030303955, "val/acc.a": 0.24727272987365723, "val/cnt.a": 3300.0, "val/acc.real": 0.24443319439888, "val/count.real": 9880.0, "val/lloss.real": 2.152381420135498, "val/loss.b": 2.157482624053955, "val/acc.b": 0.22431610524654388, "val/cnt.b": 3290.0, "val/loss.c": 2.143031597137451, "val/acc.c": 0.26170212030410767, "val/cnt.c": 3290.0, "val/loss.s1": 2.208799123764038, "val/acc.s1": 0.19757576286792755, "val/cnt.s1": 3300.0, "val/acc.seen": 0.1903030276298523, "val/count.seen": 9900.0, "val/lloss.seen": 2.2213475704193115, "val/loss.s2": 2.249466896057129, "val/acc.s2": 0.16787879168987274, "val/cnt.s2": 3300.0, "val/loss.s3": 2.2057762145996094, "val/acc.s3": 0.20545454323291779, "val/cnt.s3": 3300.0, "val/loss.s4": 2.230182647705078, "val/acc.s4": 0.18121212720870972, "val/cnt.s4": 3300.0, "val/acc.unseen": 0.17939393222332, "val/count.unseen": 9900.0, "val/lloss.unseen": 2.2378058433532715, "val/loss.s5": 2.2267696857452393, "val/acc.s5": 0.20030303299427032, "val/cnt.s5": 3300.0, "val/loss.s6": 2.256465435028076, "val/acc.s6": 0.15666666626930237, "val/cnt.s6": 3300.0, "val/loss.airport": 2.1662707328796387, "val/acc.airport": 0.30675676465034485, "val/cnt.airport": 2960.0, "val/loss.bus": 2.4123892784118652, "val/acc.bus": 0.013804714195430279, "val/cnt.bus": 2970.0, "val/loss.metro": 2.169952869415283, "val/acc.metro": 0.001683501643128693, "val/cnt.metro": 2970.0, "val/loss.metro_station": 2.0563242435455322, "val/acc.metro_station": 0.03501683473587036, "val/cnt.metro_station": 2970.0, "val/loss.park": 2.0059759616851807, "val/acc.park": 0.6552188396453857, "val/cnt.park": 2970.0, "val/loss.public_square": 2.593820333480835, "val/acc.public_square": 0.0, "val/cnt.public_square": 2970.0, "val/loss.shopping_mall": 2.1773996353149414, "val/acc.shopping_mall": 0.14713804423809052, "val/cnt.shopping_mall": 2970.0, "val/loss.street_pedestrian": 2.566628932952881, "val/acc.street_pedestrian": 0.0, "val/cnt.street_pedestrian": 2970.0, "val/loss.street_traffic": 1.6628352403640747, "val/acc.street_traffic": 0.7892255783081055, "val/cnt.street_traffic": 2970.0, "val/loss.tram": 2.227151393890381, "val/acc.tram": 0.09797297418117523, "val/cnt.tram": 2960.0, "val/macro_avg_acc": 0.20468172430992126, "epoch": 3, "trainer/global_step": 84, "_timestamp": 1741284306.9038622, "_runtime": 945.0210802555084, "_step": 4, "lr": 0.00012250000145286322, "train/loss": 2.245814323425293, "test/acc": 0.20454852283000946, "test/loss": 2.203125, "test/loss.a": 2.1566309928894043, "test/acc.a": 0.24727272987365723, "test/cnt.a": 3300.0, "test/acc.real": 0.24473683536052704, "test/count.real": 9880.0, "test/lloss.real": 2.152390241622925, "test/loss.b": 2.1574714183807373, "test/acc.b": 0.22431610524654388, "test/cnt.b": 3290.0, "test/loss.c": 2.1430552005767822, "test/acc.c": 0.262613981962204, "test/cnt.c": 3290.0, "test/loss.s1": 2.2088394165039062, "test/acc.s1": 0.19757576286792755, "test/cnt.s1": 3300.0, "test/acc.seen": 0.18989898264408112, "test/count.seen": 9900.0, "test/lloss.seen": 2.2213621139526367, "test/loss.s2": 2.249415159225464, "test/acc.s2": 0.16696970164775848, "test/cnt.s2": 3300.0, "test/loss.s3": 2.20583176612854, "test/acc.s3": 0.2051515132188797, "test/cnt.s3": 3300.0, "test/loss.s4": 2.23020601272583, "test/acc.s4": 0.18030303716659546, "test/cnt.s4": 3300.0, "test/acc.unseen": 0.17909090220928192, "test/count.unseen": 9900.0, "test/lloss.unseen": 2.2378175258636475, "test/loss.s5": 2.2267537117004395, "test/acc.s5": 0.20000000298023224, "test/cnt.s5": 3300.0, "test/loss.s6": 2.2564926147460938, "test/acc.s6": 0.15696969628334045, "test/cnt.s6": 3300.0, "test/loss.airport": 2.1666133403778076, "test/acc.airport": 0.306081086397171, "test/cnt.airport": 2960.0, "test/loss.bus": 2.412567138671875, "test/acc.bus": 0.014141414314508438, "test/cnt.bus": 2970.0, "test/loss.metro": 2.1695868968963623, "test/acc.metro": 0.0013468012912198901, "test/cnt.metro": 2970.0, "test/loss.metro_station": 2.056879997253418, "test/acc.metro_station": 0.035353533923625946, "test/cnt.metro_station": 2970.0, "test/loss.park": 2.0055081844329834, "test/acc.park": 0.6548821330070496, "test/cnt.park": 2970.0, "test/loss.public_square": 2.5937211513519287, "test/acc.public_square": 0.0, "test/cnt.public_square": 2970.0, "test/loss.shopping_mall": 2.177659749984741, "test/acc.shopping_mall": 0.145454540848732, "test/cnt.shopping_mall": 2970.0, "test/loss.street_pedestrian": 2.56724214553833, "test/acc.street_pedestrian": 0.0, "test/cnt.street_pedestrian": 2970.0, "test/loss.street_traffic": 1.6627402305603027, "test/acc.street_traffic": 0.7898989915847778, "test/cnt.street_traffic": 2970.0, "test/loss.tram": 2.226344108581543, "test/acc.tram": 0.09831081330776215, "test/cnt.tram": 2960.0, "test/macro_avg_acc": 0.20454692840576172, "_wandb": {"runtime": 944}}