{"val/acc": 0.17567385733127594, "val/loss": 2.206557273864746, "val/loss.a": 2.074786901473999, "val/acc.a": 0.23393939435482025, "val/cnt.a": 3300.0, "val/acc.real": 0.21872469782829285, "val/count.real": 9880.0, "val/lloss.real": 2.130279779434204, "val/loss.b": 2.170712471008301, "val/acc.b": 0.22066868841648102, "val/cnt.b": 3290.0, "val/loss.c": 2.1455087661743164, "val/acc.c": 0.20151975750923157, "val/cnt.c": 3290.0, "val/loss.s1": 2.225022315979004, "val/acc.s1": 0.1921212077140808, "val/cnt.s1": 3300.0, "val/acc.seen": 0.16313131153583527, "val/count.seen": 9900.0, "val/lloss.seen": 2.2307047843933105, "val/loss.s2": 2.26055645942688, "val/acc.s2": 0.1515151560306549, "val/cnt.s2": 3300.0, "val/loss.s3": 2.2065353393554688, "val/acc.s3": 0.14575757086277008, "val/cnt.s3": 3300.0, "val/loss.s4": 2.235463857650757, "val/acc.s4": 0.13818182051181793, "val/cnt.s4": 3300.0, "val/acc.unseen": 0.145252525806427, "val/count.unseen": 9900.0, "val/lloss.unseen": 2.2583837509155273, "val/loss.s5": 2.265150547027588, "val/acc.s5": 0.12787878513336182, "val/cnt.s5": 3300.0, "val/loss.s6": 2.2745368480682373, "val/acc.s6": 0.16969697177410126, "val/cnt.s6": 3300.0, "val/loss.airport": 2.2603306770324707, "val/acc.airport": 0.15810811519622803, "val/cnt.airport": 2960.0, "val/loss.bus": 2.2995221614837646, "val/acc.bus": 0.09764309972524643, "val/cnt.bus": 2970.0, "val/loss.metro": 2.217499256134033, "val/acc.metro": 0.10202020406723022, "val/cnt.metro": 2970.0, "val/loss.metro_station": 2.096921443939209, "val/acc.metro_station": 0.14141413569450378, "val/cnt.metro_station": 2970.0, "val/loss.park": 2.1131348609924316, "val/acc.park": 0.3764309883117676, "val/cnt.park": 2970.0, "val/loss.public_square": 2.3989806175231934, "val/acc.public_square": 0.001010101055726409, "val/cnt.public_square": 2970.0, "val/loss.shopping_mall": 2.355764150619507, "val/acc.shopping_mall": 0.023569023236632347, "val/cnt.shopping_mall": 2970.0, "val/loss.street_pedestrian": 2.385014533996582, "val/acc.street_pedestrian": 0.021212121471762657, "val/cnt.street_pedestrian": 2970.0, "val/loss.street_traffic": 1.6215667724609375, "val/acc.street_traffic": 0.7127946019172668, "val/cnt.street_traffic": 2970.0, "val/loss.tram": 2.316892623901367, "val/acc.tram": 0.12229729443788528, "val/cnt.tram": 2960.0, "val/macro_avg_acc": 0.175649955868721, "epoch": 4, "trainer/global_step": 139, "_timestamp": 1740548041.0401902, "_runtime": 503.56842613220215, "_step": 6, "lr": 0.0002474999928381294, "train/loss": 2.2271223068237305, "_wandb": {"runtime": 502}}