{"val/acc": 0.42048516869544983, "val/loss": 1.7456427812576294, "val/loss.a": 1.344996452331543, "val/acc.a": 0.5272727012634277, "val/cnt.a": 3300.0, "val/acc.real": 0.48198381066322327, "val/count.real": 9880.0, "val/lloss.real": 1.4973222017288208, "val/loss.b": 1.6536273956298828, "val/acc.b": 0.44346505403518677, "val/cnt.b": 3290.0, "val/loss.c": 1.4938057661056519, "val/acc.c": 0.47507598996162415, "val/cnt.c": 3290.0, "val/loss.s1": 1.8319580554962158, "val/acc.s1": 0.40030303597450256, "val/cnt.s1": 3300.0, "val/acc.seen": 0.401414155960083, "val/count.seen": 9900.0, "val/lloss.seen": 1.820927619934082, "val/loss.s2": 1.9189221858978271, "val/acc.s2": 0.36636364459991455, "val/cnt.s2": 3300.0, "val/loss.s3": 1.7119028568267822, "val/acc.s3": 0.4375757575035095, "val/cnt.s3": 3300.0, "val/loss.s4": 1.8419526815414429, "val/acc.s4": 0.3951515257358551, "val/cnt.s4": 3300.0, "val/acc.unseen": 0.3781818151473999, "val/count.unseen": 9900.0, "val/lloss.unseen": 1.9178235530853271, "val/loss.s5": 1.8105846643447876, "val/acc.s5": 0.4099999964237213, "val/cnt.s5": 3300.0, "val/loss.s6": 2.10093355178833, "val/acc.s6": 0.3293939530849457, "val/cnt.s6": 3300.0, "val/loss.airport": 1.9208214282989502, "val/acc.airport": 0.35979729890823364, "val/cnt.airport": 2960.0, "val/loss.bus": 1.3979692459106445, "val/acc.bus": 0.5255892276763916, "val/cnt.bus": 2970.0, "val/loss.metro": 2.137618064880371, "val/acc.metro": 0.25555557012557983, "val/cnt.metro": 2970.0, "val/loss.metro_station": 1.5778721570968628, "val/acc.metro_station": 0.4447811543941498, "val/cnt.metro_station": 2970.0, "val/loss.park": 1.0477550029754639, "val/acc.park": 0.6619528532028198, "val/cnt.park": 2970.0, "val/loss.public_square": 2.7066681385040283, "val/acc.public_square": 0.1966329962015152, "val/cnt.public_square": 2970.0, "val/loss.shopping_mall": 1.4806796312332153, "val/acc.shopping_mall": 0.4643097519874573, "val/cnt.shopping_mall": 2970.0, "val/loss.street_pedestrian": 2.274977922439575, "val/acc.street_pedestrian": 0.27474746108055115, "val/cnt.street_pedestrian": 2970.0, "val/loss.street_traffic": 0.983976423740387, "val/acc.street_traffic": 0.6983165144920349, "val/cnt.street_traffic": 2970.0, "val/loss.tram": 1.928116798400879, "val/acc.tram": 0.32263514399528503, "val/cnt.tram": 2960.0, "val/macro_avg_acc": 0.42043179273605347, "epoch": 150, "trainer/global_step": 4200, "_timestamp": 1739732775.3082488, "_runtime": 4806.079741716385, "_step": 234, "lr": 2.5489677035750447e-09, "train/loss": 0.3368781507015228, "test/acc": 0.42048516869544983, "test/loss": 1.745643138885498, "test/loss.a": 1.344996452331543, "test/acc.a": 0.5272727012634277, "test/cnt.a": 3300.0, "test/acc.real": 0.48198381066322327, "test/count.real": 9880.0, "test/lloss.real": 1.4973222017288208, "test/loss.b": 1.6536272764205933, "test/acc.b": 0.44346505403518677, "test/cnt.b": 3290.0, "test/loss.c": 1.4938057661056519, "test/acc.c": 0.47507598996162415, "test/cnt.c": 3290.0, "test/loss.s1": 1.8319581747055054, "test/acc.s1": 0.40030303597450256, "test/cnt.s1": 3300.0, "test/acc.seen": 0.401414155960083, "test/count.seen": 9900.0, "test/lloss.seen": 1.820927619934082, "test/loss.s2": 1.9189220666885376, "test/acc.s2": 0.36636364459991455, "test/cnt.s2": 3300.0, "test/loss.s3": 1.7119026184082031, "test/acc.s3": 0.4375757575035095, "test/cnt.s3": 3300.0, "test/loss.s4": 1.8419528007507324, "test/acc.s4": 0.3951515257358551, "test/cnt.s4": 3300.0, "test/acc.unseen": 0.3781818151473999, "test/count.unseen": 9900.0, "test/lloss.unseen": 1.9178237915039062, "test/loss.s5": 1.8105847835540771, "test/acc.s5": 0.4099999964237213, "test/cnt.s5": 3300.0, "test/loss.s6": 2.10093355178833, "test/acc.s6": 0.3293939530849457, "test/cnt.s6": 3300.0, "test/loss.airport": 1.9208214282989502, "test/acc.airport": 0.35979729890823364, "test/cnt.airport": 2960.0, "test/loss.bus": 1.3979694843292236, "test/acc.bus": 0.5255892276763916, "test/cnt.bus": 2970.0, "test/loss.metro": 2.137617826461792, "test/acc.metro": 0.25555557012557983, "test/cnt.metro": 2970.0, "test/loss.metro_station": 1.5778721570968628, "test/acc.metro_station": 0.4447811543941498, "test/cnt.metro_station": 2970.0, "test/loss.park": 1.0477550029754639, "test/acc.park": 0.6619528532028198, "test/cnt.park": 2970.0, "test/loss.public_square": 2.7066681385040283, "test/acc.public_square": 0.1966329962015152, "test/cnt.public_square": 2970.0, "test/loss.shopping_mall": 1.4806798696517944, "test/acc.shopping_mall": 0.4643097519874573, "test/cnt.shopping_mall": 2970.0, "test/loss.street_pedestrian": 2.274977922439575, "test/acc.street_pedestrian": 0.27474746108055115, "test/cnt.street_pedestrian": 2970.0, "test/loss.street_traffic": 0.983976423740387, "test/acc.street_traffic": 0.6983165144920349, "test/cnt.street_traffic": 2970.0, "test/loss.tram": 1.928116798400879, "test/acc.tram": 0.32263514399528503, "test/cnt.tram": 2960.0, "test/macro_avg_acc": 0.42043182253837585, "_wandb": {"runtime": 4805}}