{"val/acc": 0.1000673845410347, "val/loss": 2.4149491786956787, "val/loss.a": 2.415417194366455, "val/acc.a": 0.10000000149011612, "val/cnt.a": 3300.0, "val/acc.real": 0.10020242631435394, "val/count.real": 9880.0, "val/lloss.real": 2.415954828262329, "val/loss.b": 2.415511131286621, "val/acc.b": 0.10030394792556763, "val/cnt.b": 3290.0, "val/loss.c": 2.416938066482544, "val/acc.c": 0.10030394792556763, "val/cnt.c": 3290.0, "val/loss.s1": 2.414522409439087, "val/acc.s1": 0.10000000149011612, "val/cnt.s1": 3300.0, "val/acc.seen": 0.10000000149011612, "val/count.seen": 9900.0, "val/lloss.seen": 2.415015935897827, "val/loss.s2": 2.4150257110595703, "val/acc.s2": 0.10000000149011612, "val/cnt.s2": 3300.0, "val/loss.s3": 2.4154999256134033, "val/acc.s3": 0.10000000149011612, "val/cnt.s3": 3300.0, "val/loss.s4": 2.4151453971862793, "val/acc.s4": 0.10000000149011612, "val/cnt.s4": 3300.0, "val/acc.unseen": 0.10000000149011612, "val/count.unseen": 9900.0, "val/lloss.unseen": 2.414597511291504, "val/loss.s5": 2.4147074222564697, "val/acc.s5": 0.10000000149011612, "val/cnt.s5": 3300.0, "val/loss.s6": 2.413940191268921, "val/acc.s6": 0.10000000149011612, "val/cnt.s6": 3300.0, "val/loss.airport": 2.34535551071167, "val/acc.airport": 0.0, "val/cnt.airport": 2960.0, "val/loss.bus": 2.757479667663574, "val/acc.bus": 0.0, "val/cnt.bus": 2970.0, "val/loss.metro": 1.6796631813049316, "val/acc.metro": 1.0, "val/cnt.metro": 2970.0, "val/loss.metro_station": 2.8107059001922607, "val/acc.metro_station": 0.0, "val/cnt.metro_station": 2970.0, "val/loss.park": 2.319946527481079, "val/acc.park": 0.0, "val/cnt.park": 2970.0, "val/loss.public_square": 3.2777087688446045, "val/acc.public_square": 0.0, "val/cnt.public_square": 2970.0, "val/loss.shopping_mall": 2.8251707553863525, "val/acc.shopping_mall": 0.0, "val/cnt.shopping_mall": 2970.0, "val/loss.street_pedestrian": 2.348020315170288, "val/acc.street_pedestrian": 0.0, "val/cnt.street_pedestrian": 2970.0, "val/loss.street_traffic": 1.8171602487564087, "val/acc.street_traffic": 0.0, "val/cnt.street_traffic": 2970.0, "val/loss.tram": 1.9689409732818604, "val/acc.tram": 0.0, "val/cnt.tram": 2960.0, "val/macro_avg_acc": 0.10000000149011612, "epoch": 0, "trainer/global_step": 27, "_timestamp": 1741283301.7120874, "_runtime": 239.2084264755249, "_step": 0, "_wandb": {"runtime": 246}}