{"val/acc": 0.1000673845410347, "val/loss": 2.4945852756500244, "val/loss.a": 2.490793466567993, "val/acc.a": 0.10000000149011612, "val/cnt.a": 3300.0, "val/acc.real": 0.10020242631435394, "val/count.real": 9880.0, "val/lloss.real": 2.4924919605255127, "val/loss.b": 2.4949610233306885, "val/acc.b": 0.10030394792556763, "val/cnt.b": 3290.0, "val/loss.c": 2.4917266368865967, "val/acc.c": 0.10030394792556763, "val/cnt.c": 3290.0, "val/loss.s1": 2.494729518890381, "val/acc.s1": 0.10000000149011612, "val/cnt.s1": 3300.0, "val/acc.seen": 0.10000000149011612, "val/count.seen": 9900.0, "val/lloss.seen": 2.4953978061676025, "val/loss.s2": 2.496528148651123, "val/acc.s2": 0.10000000149011612, "val/cnt.s2": 3300.0, "val/loss.s3": 2.4949355125427246, "val/acc.s3": 0.10000000149011612, "val/cnt.s3": 3300.0, "val/loss.s4": 2.495055675506592, "val/acc.s4": 0.10000000149011612, "val/cnt.s4": 3300.0, "val/acc.unseen": 0.10000000149011612, "val/count.unseen": 9900.0, "val/lloss.unseen": 2.495270013809204, "val/loss.s5": 2.4958860874176025, "val/acc.s5": 0.10000000149011612, "val/cnt.s5": 3300.0, "val/loss.s6": 2.494868516921997, "val/acc.s6": 0.10000000149011612, "val/cnt.s6": 3300.0, "val/loss.airport": 2.05936861038208, "val/acc.airport": 0.0, "val/cnt.airport": 2960.0, "val/loss.bus": 3.701611280441284, "val/acc.bus": 0.0, "val/cnt.bus": 2970.0, "val/loss.metro": 2.600128412246704, "val/acc.metro": 0.0, "val/cnt.metro": 2970.0, "val/loss.metro_station": 1.2797472476959229, "val/acc.metro_station": 1.0, "val/cnt.metro_station": 2970.0, "val/loss.park": 2.2747488021850586, "val/acc.park": 0.0, "val/cnt.park": 2970.0, "val/loss.public_square": 2.9302279949188232, "val/acc.public_square": 0.0, "val/cnt.public_square": 2970.0, "val/loss.shopping_mall": 2.0184428691864014, "val/acc.shopping_mall": 0.0, "val/cnt.shopping_mall": 2970.0, "val/loss.street_pedestrian": 2.7316629886627197, "val/acc.street_pedestrian": 0.0, "val/cnt.street_pedestrian": 2970.0, "val/loss.street_traffic": 2.4849419593811035, "val/acc.street_traffic": 0.0, "val/cnt.street_traffic": 2970.0, "val/loss.tram": 2.862774610519409, "val/acc.tram": 0.0, "val/cnt.tram": 2960.0, "val/macro_avg_acc": 0.10000000149011612, "epoch": 1, "trainer/global_step": 28, "_timestamp": 1739727664.42687, "_runtime": 287.8853302001953, "_step": 1, "test/acc": 0.1000673845410347, "test/loss": 2.4945852756500244, "test/loss.a": 2.490793466567993, "test/acc.a": 0.10000000149011612, "test/cnt.a": 3300.0, "test/acc.real": 0.10020242631435394, "test/count.real": 9880.0, "test/lloss.real": 2.4924919605255127, "test/loss.b": 2.4949610233306885, "test/acc.b": 0.10030394792556763, "test/cnt.b": 3290.0, "test/loss.c": 2.491726875305176, "test/acc.c": 0.10030394792556763, "test/cnt.c": 3290.0, "test/loss.s1": 2.494729518890381, "test/acc.s1": 0.10000000149011612, "test/cnt.s1": 3300.0, "test/acc.seen": 0.10000000149011612, "test/count.seen": 9900.0, "test/lloss.seen": 2.4953978061676025, "test/loss.s2": 2.496528148651123, "test/acc.s2": 0.10000000149011612, "test/cnt.s2": 3300.0, "test/loss.s3": 2.4949355125427246, "test/acc.s3": 0.10000000149011612, "test/cnt.s3": 3300.0, "test/loss.s4": 2.495055675506592, "test/acc.s4": 0.10000000149011612, "test/cnt.s4": 3300.0, "test/acc.unseen": 0.10000000149011612, "test/count.unseen": 9900.0, "test/lloss.unseen": 2.495269775390625, "test/loss.s5": 2.4958860874176025, "test/acc.s5": 0.10000000149011612, "test/cnt.s5": 3300.0, "test/loss.s6": 2.494868040084839, "test/acc.s6": 0.10000000149011612, "test/cnt.s6": 3300.0, "test/loss.airport": 2.059368848800659, "test/acc.airport": 0.0, "test/cnt.airport": 2960.0, "test/loss.bus": 3.701611280441284, "test/acc.bus": 0.0, "test/cnt.bus": 2970.0, "test/loss.metro": 2.600128650665283, "test/acc.metro": 0.0, "test/cnt.metro": 2970.0, "test/loss.metro_station": 1.2797472476959229, "test/acc.metro_station": 1.0, "test/cnt.metro_station": 2970.0, "test/loss.park": 2.2747488021850586, "test/acc.park": 0.0, "test/cnt.park": 2970.0, "test/loss.public_square": 2.9302279949188232, "test/acc.public_square": 0.0, "test/cnt.public_square": 2970.0, "test/loss.shopping_mall": 2.0184426307678223, "test/acc.shopping_mall": 0.0, "test/cnt.shopping_mall": 2970.0, "test/loss.street_pedestrian": 2.7316629886627197, "test/acc.street_pedestrian": 0.0, "test/cnt.street_pedestrian": 2970.0, "test/loss.street_traffic": 2.4849419593811035, "test/acc.street_traffic": 0.0, "test/cnt.street_traffic": 2970.0, "test/loss.tram": 2.862774610519409, "test/acc.tram": 0.0, "test/cnt.tram": 2960.0, "test/macro_avg_acc": 0.10000000149011612, "_wandb": {"runtime": 286}}