{"val/acc": 0.0997304618358612, "val/loss": NaN, "val/loss.a": NaN, "val/acc.a": 0.10000000149011612, "val/cnt.a": 3300.0, "val/acc.real": 0.09919027984142303, "val/count.real": 9880.0, "val/lloss.real": NaN, "val/loss.b": NaN, "val/acc.b": 0.09726443886756897, "val/cnt.b": 3290.0, "val/loss.c": NaN, "val/acc.c": 0.10030394792556763, "val/cnt.c": 3290.0, "val/loss.s1": NaN, "val/acc.s1": 0.10000000149011612, "val/cnt.s1": 3300.0, "val/acc.seen": 0.10000000149011612, "val/count.seen": 9900.0, "val/lloss.seen": NaN, "val/loss.s2": NaN, "val/acc.s2": 0.10000000149011612, "val/cnt.s2": 3300.0, "val/loss.s3": NaN, "val/acc.s3": 0.10000000149011612, "val/cnt.s3": 3300.0, "val/loss.s4": NaN, "val/acc.s4": 0.10000000149011612, "val/cnt.s4": 3300.0, "val/acc.unseen": 0.10000000149011612, "val/count.unseen": 9900.0, "val/lloss.unseen": NaN, "val/loss.s5": NaN, "val/acc.s5": 0.10000000149011612, "val/cnt.s5": 3300.0, "val/loss.s6": NaN, "val/acc.s6": 0.10000000149011612, "val/cnt.s6": 3300.0, "val/loss.airport": NaN, "val/acc.airport": 1.0, "val/cnt.airport": 2960.0, "val/loss.bus": NaN, "val/acc.bus": 0.0, "val/cnt.bus": 2970.0, "val/loss.metro": NaN, "val/acc.metro": 0.0, "val/cnt.metro": 2970.0, "val/loss.metro_station": NaN, "val/acc.metro_station": 0.0, "val/cnt.metro_station": 2970.0, "val/loss.park": NaN, "val/acc.park": 0.0, "val/cnt.park": 2970.0, "val/loss.public_square": NaN, "val/acc.public_square": 0.0, "val/cnt.public_square": 2970.0, "val/loss.shopping_mall": NaN, "val/acc.shopping_mall": 0.0, "val/cnt.shopping_mall": 2970.0, "val/loss.street_pedestrian": NaN, "val/acc.street_pedestrian": 0.0, "val/cnt.street_pedestrian": 2970.0, "val/loss.street_traffic": NaN, "val/acc.street_traffic": 0.0, "val/cnt.street_traffic": 2970.0, "val/loss.tram": NaN, "val/acc.tram": 0.0, "val/cnt.tram": 2960.0, "val/macro_avg_acc": 0.10000000149011612, "epoch": 2, "trainer/global_step": 56, "_timestamp": 1741280207.5148568, "_runtime": 494.5675299167633, "_step": 3, "lr": 0.00012250000145286322, "train/loss": NaN, "test/acc": 0.0997304618358612, "test/loss": NaN, "test/loss.a": NaN, "test/acc.a": 0.10000000149011612, "test/cnt.a": 3300.0, "test/acc.real": 0.09919027984142303, "test/count.real": 9880.0, "test/lloss.real": NaN, "test/loss.b": NaN, "test/acc.b": 0.09726443886756897, "test/cnt.b": 3290.0, "test/loss.c": NaN, "test/acc.c": 0.10030394792556763, "test/cnt.c": 3290.0, "test/loss.s1": NaN, "test/acc.s1": 0.10000000149011612, "test/cnt.s1": 3300.0, "test/acc.seen": 0.10000000149011612, "test/count.seen": 9900.0, "test/lloss.seen": NaN, "test/loss.s2": NaN, "test/acc.s2": 0.10000000149011612, "test/cnt.s2": 3300.0, "test/loss.s3": NaN, "test/acc.s3": 0.10000000149011612, "test/cnt.s3": 3300.0, "test/loss.s4": NaN, "test/acc.s4": 0.10000000149011612, "test/cnt.s4": 3300.0, "test/acc.unseen": 0.10000000149011612, "test/count.unseen": 9900.0, "test/lloss.unseen": NaN, "test/loss.s5": NaN, "test/acc.s5": 0.10000000149011612, "test/cnt.s5": 3300.0, "test/loss.s6": NaN, "test/acc.s6": 0.10000000149011612, "test/cnt.s6": 3300.0, "test/loss.airport": NaN, "test/acc.airport": 1.0, "test/cnt.airport": 2960.0, "test/loss.bus": NaN, "test/acc.bus": 0.0, "test/cnt.bus": 2970.0, "test/loss.metro": NaN, "test/acc.metro": 0.0, "test/cnt.metro": 2970.0, "test/loss.metro_station": NaN, "test/acc.metro_station": 0.0, "test/cnt.metro_station": 2970.0, "test/loss.park": NaN, "test/acc.park": 0.0, "test/cnt.park": 2970.0, "test/loss.public_square": NaN, "test/acc.public_square": 0.0, "test/cnt.public_square": 2970.0, "test/loss.shopping_mall": NaN, "test/acc.shopping_mall": 0.0, "test/cnt.shopping_mall": 2970.0, "test/loss.street_pedestrian": NaN, "test/acc.street_pedestrian": 0.0, "test/cnt.street_pedestrian": 2970.0, "test/loss.street_traffic": NaN, "test/acc.street_traffic": 0.0, "test/cnt.street_traffic": 2970.0, "test/loss.tram": NaN, "test/acc.tram": 0.0, "test/cnt.tram": 2960.0, "test/macro_avg_acc": 0.10000000149011612, "_wandb": {"runtime": 493}}