{"val/acc": 0.1000673845410347, "val/loss": 2.31919527053833, "val/loss.a": 2.3072280883789062, "val/acc.a": 0.10000000149011612, "val/cnt.a": 3300.0, "val/acc.real": 0.10020242631435394, "val/count.real": 9880.0, "val/lloss.real": 2.312256336212158, "val/loss.b": 2.315340518951416, "val/acc.b": 0.10030394792556763, "val/cnt.b": 3290.0, "val/loss.c": 2.314215898513794, "val/acc.c": 0.10030394792556763, "val/cnt.c": 3290.0, "val/loss.s1": 2.3228299617767334, "val/acc.s1": 0.10000000149011612, "val/cnt.s1": 3300.0, "val/acc.seen": 0.10000000149011612, "val/count.seen": 9900.0, "val/lloss.seen": 2.316114664077759, "val/loss.s2": 2.315838098526001, "val/acc.s2": 0.10000000149011612, "val/cnt.s2": 3300.0, "val/loss.s3": 2.309675931930542, "val/acc.s3": 0.10000000149011612, "val/cnt.s3": 3300.0, "val/loss.s4": 2.3351807594299316, "val/acc.s4": 0.10000000149011612, "val/cnt.s4": 3300.0, "val/acc.unseen": 0.10000000149011612, "val/count.unseen": 9900.0, "val/lloss.unseen": 2.329105854034424, "val/loss.s5": 2.3294692039489746, "val/acc.s5": 0.10000000149011612, "val/cnt.s5": 3300.0, "val/loss.s6": 2.3226678371429443, "val/acc.s6": 0.10000000149011612, "val/cnt.s6": 3300.0, "val/loss.airport": 2.2584805488586426, "val/acc.airport": 0.0, "val/cnt.airport": 2960.0, "val/loss.bus": 2.483424186706543, "val/acc.bus": 0.0, "val/cnt.bus": 2970.0, "val/loss.metro": 2.2542097568511963, "val/acc.metro": 0.1111111119389534, "val/cnt.metro": 2970.0, "val/loss.metro_station": 2.285928249359131, "val/acc.metro_station": 0.0, "val/cnt.metro_station": 2970.0, "val/loss.park": 2.303332805633545, "val/acc.park": 0.1111111119389534, "val/cnt.park": 2970.0, "val/loss.public_square": 2.066190242767334, "val/acc.public_square": 0.6666666865348816, "val/cnt.public_square": 2970.0, "val/loss.shopping_mall": 2.4362032413482666, "val/acc.shopping_mall": 0.0, "val/cnt.shopping_mall": 2970.0, "val/loss.street_pedestrian": 2.4086477756500244, "val/acc.street_pedestrian": 0.0, "val/cnt.street_pedestrian": 2970.0, "val/loss.street_traffic": 2.2356696128845215, "val/acc.street_traffic": 0.1111111119389534, "val/cnt.street_traffic": 2970.0, "val/loss.tram": 2.4598183631896973, "val/acc.tram": 0.0, "val/cnt.tram": 2960.0, "val/macro_avg_acc": 0.10000000149011612, "epoch": 0, "trainer/global_step": 27, "_timestamp": 1740549463.9958005, "_runtime": 175.95409655570984, "_step": 0, "_wandb": {"runtime": 175}}