{"val/acc": 0.40997305512428284, "val/loss": 1.8083983659744263, "val/loss.a": 1.389273762702942, "val/acc.a": 0.5351515412330627, "val/cnt.a": 3300.0, "val/acc.real": 0.48279350996017456, "val/count.real": 9880.0, "val/lloss.real": 1.5452296733856201, "val/loss.b": 1.7058663368225098, "val/acc.b": 0.4398176372051239, "val/cnt.b": 3290.0, "val/loss.c": 1.541022777557373, "val/acc.c": 0.4732522666454315, "val/cnt.c": 3290.0, "val/loss.s1": 1.8680990934371948, "val/acc.s1": 0.37545454502105713, "val/cnt.s1": 3300.0, "val/acc.seen": 0.3823232352733612, "val/count.seen": 9900.0, "val/lloss.seen": 1.8917922973632812, "val/loss.s2": 2.0171728134155273, "val/acc.s2": 0.35575756430625916, "val/cnt.s2": 3300.0, "val/loss.s3": 1.7901053428649902, "val/acc.s3": 0.41575756669044495, "val/cnt.s3": 3300.0, "val/loss.s4": 1.924967646598816, "val/acc.s4": 0.37909090518951416, "val/cnt.s4": 3300.0, "val/acc.unseen": 0.364949494600296, "val/count.unseen": 9900.0, "val/lloss.unseen": 1.9872288703918457, "val/loss.s5": 1.8664201498031616, "val/acc.s5": 0.40909090638160706, "val/cnt.s5": 3300.0, "val/loss.s6": 2.1702988147735596, "val/acc.s6": 0.30666667222976685, "val/cnt.s6": 3300.0, "val/loss.airport": 2.158320188522339, "val/acc.airport": 0.30236485600471497, "val/cnt.airport": 2960.0, "val/loss.bus": 1.6453608274459839, "val/acc.bus": 0.4377104341983795, "val/cnt.bus": 2970.0, "val/loss.metro": 2.010396718978882, "val/acc.metro": 0.30841749906539917, "val/cnt.metro": 2970.0, "val/loss.metro_station": 1.772874116897583, "val/acc.metro_station": 0.4037036895751953, "val/cnt.metro_station": 2970.0, "val/loss.park": 1.1521844863891602, "val/acc.park": 0.6363636255264282, "val/cnt.park": 2970.0, "val/loss.public_square": 2.5529770851135254, "val/acc.public_square": 0.21919192373752594, "val/cnt.public_square": 2970.0, "val/loss.shopping_mall": 1.4410902261734009, "val/acc.shopping_mall": 0.5006734132766724, "val/cnt.shopping_mall": 2970.0, "val/loss.street_pedestrian": 2.3086838722229004, "val/acc.street_pedestrian": 0.27205386757850647, "val/cnt.street_pedestrian": 2970.0, "val/loss.street_traffic": 1.023301124572754, "val/acc.street_traffic": 0.6956229209899902, "val/cnt.street_traffic": 2970.0, "val/loss.tram": 2.0193088054656982, "val/acc.tram": 0.32297298312187195, "val/cnt.tram": 2960.0, "val/macro_avg_acc": 0.4099074900150299, "epoch": 150, "trainer/global_step": 4200, "_timestamp": 1726479331.4358797, "_runtime": 7564.374640703201, "_step": 234, "lr": 2.5489677035750447e-09, "train/loss": 0.27001258730888367, "test/acc": 0.41010782122612, "test/loss": 1.80859375, "test/loss.a": 1.3899575471878052, "test/acc.a": 0.5363636612892151, "test/cnt.a": 3300.0, "test/acc.real": 0.48329958319664, "test/count.real": 9880.0, "test/lloss.real": 1.5454906225204468, "test/loss.b": 1.706081748008728, "test/acc.b": 0.440121591091156, "test/cnt.b": 3290.0, "test/loss.c": 1.540905237197876, "test/acc.c": 0.4732522666454315, "test/cnt.c": 3290.0, "test/loss.s1": 1.8679949045181274, "test/acc.s1": 0.37484848499298096, "test/cnt.s1": 3300.0, "test/acc.seen": 0.3822222352027893, "test/count.seen": 9900.0, "test/lloss.seen": 1.8919483423233032, "test/loss.s2": 2.0175797939300537, "test/acc.s2": 0.35575756430625916, "test/cnt.s2": 3300.0, "test/loss.s3": 1.7902708053588867, "test/acc.s3": 0.41606059670448303, "test/cnt.s3": 3300.0, "test/loss.s4": 1.9250903129577637, "test/acc.s4": 0.3799999952316284, "test/cnt.s4": 3300.0, "test/acc.unseen": 0.364949494600296, "test/count.unseen": 9900.0, "test/lloss.unseen": 1.987152338027954, "test/loss.s5": 1.8659883737564087, "test/acc.s5": 0.4084848463535309, "test/cnt.s5": 3300.0, "test/loss.s6": 2.1703782081604004, "test/acc.s6": 0.30636364221572876, "test/cnt.s6": 3300.0, "test/loss.airport": 2.1587581634521484, "test/acc.airport": 0.3027026951313019, "test/cnt.airport": 2960.0, "test/loss.bus": 1.6463924646377563, "test/acc.bus": 0.4387205243110657, "test/cnt.bus": 2970.0, "test/loss.metro": 2.0113582611083984, "test/acc.metro": 0.3080808222293854, "test/cnt.metro": 2970.0, "test/loss.metro_station": 1.7763103246688843, "test/acc.metro_station": 0.4020202159881592, "test/cnt.metro_station": 2970.0, "test/loss.park": 1.1504063606262207, "test/acc.park": 0.6370370388031006, "test/cnt.park": 2970.0, "test/loss.public_square": 2.5460121631622314, "test/acc.public_square": 0.2198653221130371, "test/cnt.public_square": 2970.0, "test/loss.shopping_mall": 1.4442496299743652, "test/acc.shopping_mall": 0.5003367066383362, "test/cnt.shopping_mall": 2970.0, "test/loss.street_pedestrian": 2.306011438369751, "test/acc.street_pedestrian": 0.27407407760620117, "test/cnt.street_pedestrian": 2970.0, "test/loss.street_traffic": 1.0287253856658936, "test/acc.street_traffic": 0.6946128010749817, "test/cnt.street_traffic": 2970.0, "test/loss.tram": 2.0174007415771484, "test/acc.tram": 0.32297298312187195, "test/cnt.tram": 2960.0, "test/macro_avg_acc": 0.41004228591918945, "_wandb": {"runtime": 7551}}