{"val/acc": 0.42190027236938477, "val/loss": 1.7919059991836548, "val/loss.a": 1.341158390045166, "val/acc.a": 0.53242427110672, "val/cnt.a": 3300.0, "val/acc.real": 0.4851214587688446, "val/count.real": 9880.0, "val/lloss.real": 1.5308289527893066, "val/loss.b": 1.6820839643478394, "val/acc.b": 0.45471125841140747, "val/cnt.b": 3290.0, "val/loss.c": 1.5698211193084717, "val/acc.c": 0.4680851101875305, "val/cnt.c": 3290.0, "val/loss.s1": 1.8573650121688843, "val/acc.s1": 0.4063636362552643, "val/cnt.s1": 3300.0, "val/acc.seen": 0.40464645624160767, "val/count.seen": 9900.0, "val/lloss.seen": 1.8813782930374146, "val/loss.s2": 1.9730207920074463, "val/acc.s2": 0.38121211528778076, "val/cnt.s2": 3300.0, "val/loss.s3": 1.8137487173080444, "val/acc.s3": 0.42636364698410034, "val/cnt.s3": 3300.0, "val/loss.s4": 1.8643418550491333, "val/acc.s4": 0.3957575857639313, "val/cnt.s4": 3300.0, "val/acc.unseen": 0.3760606050491333, "val/count.unseen": 9900.0, "val/lloss.unseen": 1.9632869958877563, "val/loss.s5": 1.8867753744125366, "val/acc.s5": 0.3969697058200836, "val/cnt.s5": 3300.0, "val/loss.s6": 2.1387434005737305, "val/acc.s6": 0.3354545533657074, "val/cnt.s6": 3300.0, "val/loss.airport": 2.0867557525634766, "val/acc.airport": 0.3222973048686981, "val/cnt.airport": 2960.0, "val/loss.bus": 1.517848253250122, "val/acc.bus": 0.47946128249168396, "val/cnt.bus": 2970.0, "val/loss.metro": 2.014158248901367, "val/acc.metro": 0.31481480598449707, "val/cnt.metro": 2970.0, "val/loss.metro_station": 1.6294764280319214, "val/acc.metro_station": 0.44343435764312744, "val/cnt.metro_station": 2970.0, "val/loss.park": 1.327329397201538, "val/acc.park": 0.581818163394928, "val/cnt.park": 2970.0, "val/loss.public_square": 2.8157689571380615, "val/acc.public_square": 0.20033669471740723, "val/cnt.public_square": 2970.0, "val/loss.shopping_mall": 1.2846179008483887, "val/acc.shopping_mall": 0.5282828211784363, "val/cnt.shopping_mall": 2970.0, "val/loss.street_pedestrian": 2.2820756435394287, "val/acc.street_pedestrian": 0.3016835153102875, "val/cnt.street_pedestrian": 2970.0, "val/loss.street_traffic": 1.0404409170150757, "val/acc.street_traffic": 0.6939393877983093, "val/cnt.street_traffic": 2970.0, "val/loss.tram": 1.92303466796875, "val/acc.tram": 0.3523648679256439, "val/cnt.tram": 2960.0, "val/macro_avg_acc": 0.4218432903289795, "epoch": 150, "trainer/global_step": 4200, "_timestamp": 1740119934.6670077, "_runtime": 5474.426897764206, "_step": 234, "lr": 2.5489677035750447e-09, "train/loss": 0.24746637046337128, "test/acc": 0.42190027236938477, "test/loss": 1.7919059991836548, "test/loss.a": 1.3411582708358765, "test/acc.a": 0.53242427110672, "test/cnt.a": 3300.0, "test/acc.real": 0.4851214587688446, "test/count.real": 9880.0, "test/lloss.real": 1.5308289527893066, "test/loss.b": 1.682084083557129, "test/acc.b": 0.45471125841140747, "test/cnt.b": 3290.0, "test/loss.c": 1.5698210000991821, "test/acc.c": 0.4680851101875305, "test/cnt.c": 3290.0, "test/loss.s1": 1.8573650121688843, "test/acc.s1": 0.4063636362552643, "test/cnt.s1": 3300.0, "test/acc.seen": 0.40464645624160767, "test/count.seen": 9900.0, "test/lloss.seen": 1.8813782930374146, "test/loss.s2": 1.9730207920074463, "test/acc.s2": 0.38121211528778076, "test/cnt.s2": 3300.0, "test/loss.s3": 1.8137484788894653, "test/acc.s3": 0.42636364698410034, "test/cnt.s3": 3300.0, "test/loss.s4": 1.8643418550491333, "test/acc.s4": 0.3957575857639313, "test/cnt.s4": 3300.0, "test/acc.unseen": 0.3760606050491333, "test/count.unseen": 9900.0, "test/lloss.unseen": 1.9632869958877563, "test/loss.s5": 1.8867756128311157, "test/acc.s5": 0.3969697058200836, "test/cnt.s5": 3300.0, "test/loss.s6": 2.1387436389923096, "test/acc.s6": 0.3354545533657074, "test/cnt.s6": 3300.0, "test/loss.airport": 2.0867557525634766, "test/acc.airport": 0.3222973048686981, "test/cnt.airport": 2960.0, "test/loss.bus": 1.5178481340408325, "test/acc.bus": 0.47946128249168396, "test/cnt.bus": 2970.0, "test/loss.metro": 2.0141584873199463, "test/acc.metro": 0.31481480598449707, "test/cnt.metro": 2970.0, "test/loss.metro_station": 1.6294764280319214, "test/acc.metro_station": 0.44343435764312744, "test/cnt.metro_station": 2970.0, "test/loss.park": 1.3273295164108276, "test/acc.park": 0.581818163394928, "test/cnt.park": 2970.0, "test/loss.public_square": 2.8157687187194824, "test/acc.public_square": 0.20033669471740723, "test/cnt.public_square": 2970.0, "test/loss.shopping_mall": 1.2846179008483887, "test/acc.shopping_mall": 0.5282828211784363, "test/cnt.shopping_mall": 2970.0, "test/loss.street_pedestrian": 2.2820756435394287, "test/acc.street_pedestrian": 0.3016835153102875, "test/cnt.street_pedestrian": 2970.0, "test/loss.street_traffic": 1.0404409170150757, "test/acc.street_traffic": 0.6939393877983093, "test/cnt.street_traffic": 2970.0, "test/loss.tram": 1.9230345487594604, "test/acc.tram": 0.3523648679256439, "test/cnt.tram": 2960.0, "test/macro_avg_acc": 0.4218432903289795, "_wandb": {"runtime": 5473}}