{"val/acc": 0.13028976321220398, "val/loss": 2.276157855987549, "val/loss.a": 2.258211612701416, "val/acc.a": 0.21848484873771667, "val/cnt.a": 3300.0, "val/acc.real": 0.16457490622997284, "val/count.real": 9880.0, "val/lloss.real": 2.261233329772949, "val/loss.b": 2.2586209774017334, "val/acc.b": 0.14620061218738556, "val/cnt.b": 3290.0, "val/loss.c": 2.266876459121704, "val/acc.c": 0.12887537479400635, "val/cnt.c": 3290.0, "val/loss.s1": 2.2915165424346924, "val/acc.s1": 0.11060605943202972, "val/cnt.s1": 3300.0, "val/acc.seen": 0.10181818157434464, "val/count.seen": 9900.0, "val/lloss.seen": 2.2836787700653076, "val/loss.s2": 2.295469045639038, "val/acc.s2": 0.10090909153223038, "val/cnt.s2": 3300.0, "val/loss.s3": 2.2640504837036133, "val/acc.s3": 0.0939393937587738, "val/cnt.s3": 3300.0, "val/loss.s4": 2.273557424545288, "val/acc.s4": 0.1599999964237213, "val/cnt.s4": 3300.0, "val/acc.unseen": 0.12454545497894287, "val/count.unseen": 9900.0, "val/lloss.unseen": 2.2837629318237305, "val/loss.s5": 2.2767186164855957, "val/acc.s5": 0.1260606050491333, "val/cnt.s5": 3300.0, "val/loss.s6": 2.301013469696045, "val/acc.s6": 0.0875757560133934, "val/cnt.s6": 3300.0, "val/loss.airport": 2.2258501052856445, "val/acc.airport": 0.17702703177928925, "val/cnt.airport": 2960.0, "val/loss.bus": 2.327247142791748, "val/acc.bus": 0.11380471289157867, "val/cnt.bus": 2970.0, "val/loss.metro": 2.1530203819274902, "val/acc.metro": 0.15353535115718842, "val/cnt.metro": 2970.0, "val/loss.metro_station": 2.225250244140625, "val/acc.metro_station": 0.2114478051662445, "val/cnt.metro_station": 2970.0, "val/loss.park": 2.3619062900543213, "val/acc.park": 0.16734007000923157, "val/cnt.park": 2970.0, "val/loss.public_square": 2.3718671798706055, "val/acc.public_square": 0.09865319728851318, "val/cnt.public_square": 2970.0, "val/loss.shopping_mall": 2.332937717437744, "val/acc.shopping_mall": 0.004040404222905636, "val/cnt.shopping_mall": 2970.0, "val/loss.street_pedestrian": 2.4809024333953857, "val/acc.street_pedestrian": 0.0, "val/cnt.street_pedestrian": 2970.0, "val/loss.street_traffic": 2.044020891189575, "val/acc.street_traffic": 0.34511783719062805, "val/cnt.street_traffic": 2970.0, "val/loss.tram": 2.2390542030334473, "val/acc.tram": 0.03175675496459007, "val/cnt.tram": 2960.0, "val/macro_avg_acc": 0.1302722990512848, "epoch": 2, "trainer/global_step": 83, "_timestamp": 1740548821.699518, "_runtime": 343.79642701148987, "_step": 3, "lr": 0.00012250000145286322, "train/loss": 2.303586721420288, "_wandb": {"runtime": 343}}