{"val/acc": 0.1560646891593933, "val/loss": 2.2452588081359863, "val/loss.a": 2.204486608505249, "val/acc.a": 0.1836363673210144, "val/cnt.a": 3300.0, "val/acc.real": 0.18917004764080048, "val/count.real": 9880.0, "val/lloss.real": 2.21175479888916, "val/loss.b": 2.2155325412750244, "val/acc.b": 0.18784195184707642, "val/cnt.b": 3290.0, "val/loss.c": 2.2152674198150635, "val/acc.c": 0.19604863226413727, "val/cnt.c": 3290.0, "val/loss.s1": 2.2525746822357178, "val/acc.s1": 0.17151515185832977, "val/cnt.s1": 3300.0, "val/acc.seen": 0.14373737573623657, "val/count.seen": 9900.0, "val/lloss.seen": 2.257622003555298, "val/loss.s2": 2.2689976692199707, "val/acc.s2": 0.10848484933376312, "val/cnt.s2": 3300.0, "val/loss.s3": 2.251293897628784, "val/acc.s3": 0.15121212601661682, "val/cnt.s3": 3300.0, "val/loss.s4": 2.264920473098755, "val/acc.s4": 0.1327272653579712, "val/cnt.s4": 3300.0, "val/acc.unseen": 0.13535353541374207, "val/count.unseen": 9900.0, "val/lloss.unseen": 2.266190767288208, "val/loss.s5": 2.254875659942627, "val/acc.s5": 0.14666666090488434, "val/cnt.s5": 3300.0, "val/loss.s6": 2.2787764072418213, "val/acc.s6": 0.12666666507720947, "val/cnt.s6": 3300.0, "val/loss.airport": 2.314008951187134, "val/acc.airport": 0.0, "val/cnt.airport": 2960.0, "val/loss.bus": 2.3116939067840576, "val/acc.bus": 0.03434343263506889, "val/cnt.bus": 2970.0, "val/loss.metro": 2.2280547618865967, "val/acc.metro": 0.007070707157254219, "val/cnt.metro": 2970.0, "val/loss.metro_station": 2.4954674243927, "val/acc.metro_station": 0.0, "val/cnt.metro_station": 2970.0, "val/loss.park": 2.044459342956543, "val/acc.park": 0.5521885752677917, "val/cnt.park": 2970.0, "val/loss.public_square": 2.421820640563965, "val/acc.public_square": 0.00033670032280497253, "val/cnt.public_square": 2970.0, "val/loss.shopping_mall": 2.1449379920959473, "val/acc.shopping_mall": 0.03804713860154152, "val/cnt.shopping_mall": 2970.0, "val/loss.street_pedestrian": 2.235591411590576, "val/acc.street_pedestrian": 0.011111111380159855, "val/cnt.street_pedestrian": 2970.0, "val/loss.street_traffic": 1.8876897096633911, "val/acc.street_traffic": 0.9010100960731506, "val/cnt.street_traffic": 2970.0, "val/loss.tram": 2.3690426349639893, "val/acc.tram": 0.015540540218353271, "val/cnt.tram": 2960.0, "val/macro_avg_acc": 0.15596482157707214, "epoch": 3, "trainer/global_step": 84, "_timestamp": 1730364845.495733, "_runtime": 1198.260735988617, "_step": 4, "lr": 0.00012250000145286322, "train/loss": 2.305426597595215, "test/acc": 0.15596361458301544, "test/loss": 2.24609375, "test/loss.a": 2.2044336795806885, "test/acc.a": 0.1836363673210144, "test/cnt.a": 3300.0, "test/acc.real": 0.18906882405281067, "test/count.real": 9880.0, "test/lloss.real": 2.2116992473602295, "test/loss.b": 2.2154810428619385, "test/acc.b": 0.18814589083194733, "test/cnt.b": 3290.0, "test/loss.c": 2.215204954147339, "test/acc.c": 0.19544072449207306, "test/cnt.c": 3290.0, "test/loss.s1": 2.2525827884674072, "test/acc.s1": 0.17151515185832977, "test/cnt.s1": 3300.0, "test/acc.seen": 0.14373737573623657, "test/count.seen": 9900.0, "test/lloss.seen": 2.2576029300689697, "test/loss.s2": 2.2689714431762695, "test/acc.s2": 0.10848484933376312, "test/cnt.s2": 3300.0, "test/loss.s3": 2.2512543201446533, "test/acc.s3": 0.15121212601661682, "test/cnt.s3": 3300.0, "test/loss.s4": 2.264904022216797, "test/acc.s4": 0.1324242353439331, "test/cnt.s4": 3300.0, "test/acc.unseen": 0.13515152037143707, "test/count.unseen": 9900.0, "test/lloss.unseen": 2.266176223754883, "test/loss.s5": 2.2548468112945557, "test/acc.s5": 0.14666666090488434, "test/cnt.s5": 3300.0, "test/loss.s6": 2.278777837753296, "test/acc.s6": 0.1263636350631714, "test/cnt.s6": 3300.0, "test/loss.airport": 2.313880443572998, "test/acc.airport": 0.0, "test/cnt.airport": 2960.0, "test/loss.bus": 2.310683012008667, "test/acc.bus": 0.03501683473587036, "test/cnt.bus": 2970.0, "test/loss.metro": 2.2277255058288574, "test/acc.metro": 0.007070707157254219, "test/cnt.metro": 2970.0, "test/loss.metro_station": 2.4951348304748535, "test/acc.metro_station": 0.0, "test/cnt.metro_station": 2970.0, "test/loss.park": 2.0452260971069336, "test/acc.park": 0.550841748714447, "test/cnt.park": 2970.0, "test/loss.public_square": 2.422513008117676, "test/acc.public_square": 0.00033670032280497253, "test/cnt.public_square": 2970.0, "test/loss.shopping_mall": 2.145759105682373, "test/acc.shopping_mall": 0.03670033812522888, "test/cnt.shopping_mall": 2970.0, "test/loss.street_pedestrian": 2.2356040477752686, "test/acc.street_pedestrian": 0.011111111380159855, "test/cnt.street_pedestrian": 2970.0, "test/loss.street_traffic": 1.8873940706253052, "test/acc.street_traffic": 0.901683509349823, "test/cnt.street_traffic": 2970.0, "test/loss.tram": 2.368546485900879, "test/acc.tram": 0.015878377482295036, "test/cnt.tram": 2960.0, "test/macro_avg_acc": 0.1558639258146286, "_wandb": {"runtime": 1196}}