{"val/acc": 0.4089622497558594, "val/loss": 1.795567274093628, "val/loss.a": 1.3070155382156372, "val/acc.a": 0.5539394021034241, "val/cnt.a": 3300.0, "val/acc.real": 0.49746963381767273, "val/count.real": 9880.0, "val/lloss.real": 1.4990071058273315, "val/loss.b": 1.686348795890808, "val/acc.b": 0.4504559338092804, "val/cnt.b": 3290.0, "val/loss.c": 1.5042407512664795, "val/acc.c": 0.487841933965683, "val/cnt.c": 3290.0, "val/loss.s1": 1.8393614292144775, "val/acc.s1": 0.3848484754562378, "val/cnt.s1": 3300.0, "val/acc.seen": 0.3828282952308655, "val/count.seen": 9900.0, "val/lloss.seen": 1.8821547031402588, "val/loss.s2": 2.012321710586548, "val/acc.s2": 0.34969696402549744, "val/cnt.s2": 3300.0, "val/loss.s3": 1.7947813272476196, "val/acc.s3": 0.41393938660621643, "val/cnt.s3": 3300.0, "val/loss.s4": 1.9581671953201294, "val/acc.s4": 0.3593939542770386, "val/cnt.s4": 3300.0, "val/acc.unseen": 0.3467676639556885, "val/count.unseen": 9900.0, "val/lloss.unseen": 2.0048391819000244, "val/loss.s5": 1.88516104221344, "val/acc.s5": 0.39212122559547424, "val/cnt.s5": 3300.0, "val/loss.s6": 2.171189546585083, "val/acc.s6": 0.2887878715991974, "val/cnt.s6": 3300.0, "val/loss.airport": 2.1837289333343506, "val/acc.airport": 0.28783783316612244, "val/cnt.airport": 2960.0, "val/loss.bus": 1.7075053453445435, "val/acc.bus": 0.42861953377723694, "val/cnt.bus": 2970.0, "val/loss.metro": 2.0004160404205322, "val/acc.metro": 0.30639731884002686, "val/cnt.metro": 2970.0, "val/loss.metro_station": 1.7673428058624268, "val/acc.metro_station": 0.401683509349823, "val/cnt.metro_station": 2970.0, "val/loss.park": 1.233735203742981, "val/acc.park": 0.5956228971481323, "val/cnt.park": 2970.0, "val/loss.public_square": 2.658473014831543, "val/acc.public_square": 0.2050504982471466, "val/cnt.public_square": 2970.0, "val/loss.shopping_mall": 1.287698745727539, "val/acc.shopping_mall": 0.5367003083229065, "val/cnt.shopping_mall": 2970.0, "val/loss.street_pedestrian": 2.1554365158081055, "val/acc.street_pedestrian": 0.29865318536758423, "val/cnt.street_pedestrian": 2970.0, "val/loss.street_traffic": 1.1305805444717407, "val/acc.street_traffic": 0.6569023728370667, "val/cnt.street_traffic": 2970.0, "val/loss.tram": 1.8318464756011963, "val/acc.tram": 0.37162160873413086, "val/cnt.tram": 2960.0, "val/macro_avg_acc": 0.4089089035987854, "epoch": 150, "trainer/global_step": 4200, "_timestamp": 1729413131.619317, "_runtime": 5762.019423007965, "_step": 234, "lr": 2.5489677035750447e-09, "train/loss": 1.0603833198547363, "test/acc": 0.40842318534851074, "test/loss": 1.7958984375, "test/loss.a": 1.307537317276001, "test/acc.a": 0.5521212220191956, "test/cnt.a": 3300.0, "test/acc.real": 0.49665990471839905, "test/count.real": 9880.0, "test/lloss.real": 1.4992817640304565, "test/loss.b": 1.686199426651001, "test/acc.b": 0.4498480260372162, "test/cnt.b": 3290.0, "test/loss.c": 1.5046913623809814, "test/acc.c": 0.487841933965683, "test/cnt.c": 3290.0, "test/loss.s1": 1.8396823406219482, "test/acc.s1": 0.38363635540008545, "test/cnt.s1": 3300.0, "test/acc.seen": 0.3820202052593231, "test/count.seen": 9900.0, "test/lloss.seen": 1.8826377391815186, "test/loss.s2": 2.0130717754364014, "test/acc.s2": 0.34909090399742126, "test/cnt.s2": 3300.0, "test/loss.s3": 1.7951592206954956, "test/acc.s3": 0.41333332657814026, "test/cnt.s3": 3300.0, "test/loss.s4": 1.9589617252349854, "test/acc.s4": 0.3593939542770386, "test/cnt.s4": 3300.0, "test/acc.unseen": 0.3467676639556885, "test/count.unseen": 9900.0, "test/lloss.unseen": 2.005382537841797, "test/loss.s5": 1.8859920501708984, "test/acc.s5": 0.39151516556739807, "test/cnt.s5": 3300.0, "test/loss.s6": 2.1711935997009277, "test/acc.s6": 0.28939393162727356, "test/cnt.s6": 3300.0, "test/loss.airport": 2.1881864070892334, "test/acc.airport": 0.28614863753318787, "test/cnt.airport": 2960.0, "test/loss.bus": 1.7106143236160278, "test/acc.bus": 0.42861953377723694, "test/cnt.bus": 2970.0, "test/loss.metro": 2.001077890396118, "test/acc.metro": 0.30707070231437683, "test/cnt.metro": 2970.0, "test/loss.metro_station": 1.7703723907470703, "test/acc.metro_station": 0.3976430892944336, "test/cnt.metro_station": 2970.0, "test/loss.park": 1.2334930896759033, "test/acc.park": 0.5959596037864685, "test/cnt.park": 2970.0, "test/loss.public_square": 2.6551594734191895, "test/acc.public_square": 0.2053872048854828, "test/cnt.public_square": 2970.0, "test/loss.shopping_mall": 1.2917988300323486, "test/acc.shopping_mall": 0.5356902480125427, "test/cnt.shopping_mall": 2970.0, "test/loss.street_pedestrian": 2.150355815887451, "test/acc.street_pedestrian": 0.2989898920059204, "test/cnt.street_pedestrian": 2970.0, "test/loss.street_traffic": 1.131672739982605, "test/acc.street_traffic": 0.6562289595603943, "test/cnt.street_traffic": 2970.0, "test/loss.tram": 1.8283699750900269, "test/acc.tram": 0.3719594478607178, "test/cnt.tram": 2960.0, "test/macro_avg_acc": 0.4083697497844696, "_wandb": {"runtime": 5761}}