{"val/acc": 0.3584231734275818, "val/loss": 5.30204439163208, "val/loss.a": 3.1901397705078125, "val/acc.a": 0.5196969509124756, "val/cnt.a": 3300.0, "val/acc.real": 0.4664979875087738, "val/count.real": 9880.0, "val/lloss.real": 3.443045139312744, "val/loss.b": 3.9916672706604004, "val/acc.b": 0.40972644090652466, "val/cnt.b": 3290.0, "val/loss.c": 3.148096799850464, "val/acc.c": 0.46990880370140076, "val/cnt.c": 3290.0, "val/loss.s1": 5.876704692840576, "val/acc.s1": 0.2951515018939972, "val/cnt.s1": 3300.0, "val/acc.seen": 0.3270707130432129, "val/count.seen": 9900.0, "val/lloss.seen": 5.736973285675049, "val/loss.s2": 6.005630970001221, "val/acc.s2": 0.3251515030860901, "val/cnt.s2": 3300.0, "val/loss.s3": 5.32858419418335, "val/acc.s3": 0.360909104347229, "val/cnt.s3": 3300.0, "val/loss.s4": 7.817500591278076, "val/acc.s4": 0.28515151143074036, "val/cnt.s4": 3300.0, "val/acc.unseen": 0.2819191813468933, "val/count.unseen": 9900.0, "val/lloss.unseen": 6.722263813018799, "val/loss.s5": 5.877326011657715, "val/acc.s5": 0.30848485231399536, "val/cnt.s5": 3300.0, "val/loss.s6": 6.471964359283447, "val/acc.s6": 0.2521212100982666, "val/cnt.s6": 3300.0, "val/loss.airport": 6.647215366363525, "val/acc.airport": 0.3165540397167206, "val/cnt.airport": 2960.0, "val/loss.bus": 5.546173095703125, "val/acc.bus": 0.3444444537162781, "val/cnt.bus": 2970.0, "val/loss.metro": 5.930263042449951, "val/acc.metro": 0.25521886348724365, "val/cnt.metro": 2970.0, "val/loss.metro_station": 4.3262786865234375, "val/acc.metro_station": 0.324579119682312, "val/cnt.metro_station": 2970.0, "val/loss.park": 4.577927589416504, "val/acc.park": 0.4659932553768158, "val/cnt.park": 2970.0, "val/loss.public_square": 7.424523830413818, "val/acc.public_square": 0.17912457883358002, "val/cnt.public_square": 2970.0, "val/loss.shopping_mall": 2.864283800125122, "val/acc.shopping_mall": 0.5141414403915405, "val/cnt.shopping_mall": 2970.0, "val/loss.street_pedestrian": 8.85153579711914, "val/acc.street_pedestrian": 0.18888889253139496, "val/cnt.street_pedestrian": 2970.0, "val/loss.street_traffic": 1.80288827419281, "val/acc.street_traffic": 0.7289562225341797, "val/cnt.street_traffic": 2970.0, "val/loss.tram": 5.052724361419678, "val/acc.tram": 0.2658783793449402, "val/cnt.tram": 2960.0, "val/macro_avg_acc": 0.3583779036998749, "epoch": 149.0, "trainer/global_step": 4199, "_timestamp": 1740477076.2835228, "_runtime": 11176.203273773193, "_step": 233, "lr": 2.5489677035750447e-09, "train/loss": 0.08258885890245438, "_wandb": {"runtime": 11175}}