{"val/acc": 0.09349730610847473, "val/loss": 2.36091947555542, "val/loss.a": 2.3601701259613037, "val/acc.a": 0.09969697147607803, "val/cnt.a": 3300.0, "val/acc.real": 0.0997975692152977, "val/count.real": 9880.0, "val/lloss.real": 2.3579978942871094, "val/loss.b": 2.356327533721924, "val/acc.b": 0.10000000149011612, "val/cnt.b": 3290.0, "val/loss.c": 2.357489585876465, "val/acc.c": 0.09969604760408401, "val/cnt.c": 3290.0, "val/loss.s1": 2.362375259399414, "val/acc.s1": 0.09909091144800186, "val/cnt.s1": 3300.0, "val/acc.seen": 0.08868686854839325, "val/count.seen": 9900.0, "val/lloss.seen": 2.362760543823242, "val/loss.s2": 2.363163709640503, "val/acc.s2": 0.0790909081697464, "val/cnt.s2": 3300.0, "val/loss.s3": 2.3627429008483887, "val/acc.s3": 0.08787878602743149, "val/cnt.s3": 3300.0, "val/loss.s4": 2.362488269805908, "val/acc.s4": 0.09303030371665955, "val/cnt.s4": 3300.0, "val/acc.unseen": 0.0920201987028122, "val/count.unseen": 9900.0, "val/lloss.unseen": 2.3617630004882812, "val/loss.s5": 2.3617007732391357, "val/acc.s5": 0.08393939584493637, "val/cnt.s5": 3300.0, "val/loss.s6": 2.3610997200012207, "val/acc.s6": 0.09909091144800186, "val/cnt.s6": 3300.0, "val/loss.airport": 2.8349714279174805, "val/acc.airport": 0.0, "val/cnt.airport": 2960.0, "val/loss.bus": 2.0175259113311768, "val/acc.bus": 0.0, "val/cnt.bus": 2970.0, "val/loss.metro": 2.8666985034942627, "val/acc.metro": 0.0, "val/cnt.metro": 2970.0, "val/loss.metro_station": 2.54248046875, "val/acc.metro_station": 0.0, "val/cnt.metro_station": 2970.0, "val/loss.park": 2.3956408500671387, "val/acc.park": 0.0, "val/cnt.park": 2970.0, "val/loss.public_square": 2.447268009185791, "val/acc.public_square": 0.0, "val/cnt.public_square": 2970.0, "val/loss.shopping_mall": 1.9264326095581055, "val/acc.shopping_mall": 0.0, "val/cnt.shopping_mall": 2970.0, "val/loss.street_pedestrian": 2.2287442684173584, "val/acc.street_pedestrian": 0.0, "val/cnt.street_pedestrian": 2970.0, "val/loss.street_traffic": 1.8465036153793335, "val/acc.street_traffic": 0.9343434572219849, "val/cnt.street_traffic": 2970.0, "val/loss.tram": 2.5042381286621094, "val/acc.tram": 0.0, "val/cnt.tram": 2960.0, "val/macro_avg_acc": 0.09343434870243073, "epoch": 1, "trainer/global_step": 28, "_timestamp": 1730367648.818603, "_runtime": 622.6171839237213, "_step": 1, "test/acc": 0.09386792778968811, "test/loss": 2.361328125, "test/loss.a": 2.360224962234497, "test/acc.a": 0.09969697147607803, "test/cnt.a": 3300.0, "test/acc.real": 0.09989878535270691, "test/count.real": 9880.0, "test/lloss.real": 2.3580522537231445, "test/loss.b": 2.3563761711120605, "test/acc.b": 0.10000000149011612, "test/cnt.b": 3290.0, "test/loss.c": 2.3575491905212402, "test/acc.c": 0.10000000149011612, "test/cnt.c": 3290.0, "test/loss.s1": 2.3624322414398193, "test/acc.s1": 0.09939394146203995, "test/cnt.s1": 3300.0, "test/acc.seen": 0.08929292857646942, "test/count.seen": 9900.0, "test/lloss.seen": 2.3628077507019043, "test/loss.s2": 2.3632161617279053, "test/acc.s2": 0.07939393818378448, "test/cnt.s2": 3300.0, "test/loss.s3": 2.3627753257751465, "test/acc.s3": 0.08909090608358383, "test/cnt.s3": 3300.0, "test/loss.s4": 2.362532138824463, "test/acc.s4": 0.09333333373069763, "test/cnt.s4": 3300.0, "test/acc.unseen": 0.09242424368858337, "test/count.unseen": 9900.0, "test/lloss.unseen": 2.3618123531341553, "test/loss.s5": 2.3617610931396484, "test/acc.s5": 0.08454545587301254, "test/cnt.s5": 3300.0, "test/loss.s6": 2.3611438274383545, "test/acc.s6": 0.09939394146203995, "test/cnt.s6": 3300.0, "test/loss.airport": 2.835531711578369, "test/acc.airport": 0.0, "test/cnt.airport": 2960.0, "test/loss.bus": 2.0171971321105957, "test/acc.bus": 0.0, "test/cnt.bus": 2970.0, "test/loss.metro": 2.8665823936462402, "test/acc.metro": 0.0, "test/cnt.metro": 2970.0, "test/loss.metro_station": 2.542388677597046, "test/acc.metro_station": 0.0, "test/cnt.metro_station": 2970.0, "test/loss.park": 2.395766258239746, "test/acc.park": 0.0, "test/cnt.park": 2970.0, "test/loss.public_square": 2.447814702987671, "test/acc.public_square": 0.0, "test/cnt.public_square": 2970.0, "test/loss.shopping_mall": 1.9266620874404907, "test/acc.shopping_mall": 0.0, "test/cnt.shopping_mall": 2970.0, "test/loss.street_pedestrian": 2.2287516593933105, "test/acc.street_pedestrian": 0.0, "test/cnt.street_pedestrian": 2970.0, "test/loss.street_traffic": 1.8458753824234009, "test/acc.street_traffic": 0.9380471110343933, "test/cnt.street_traffic": 2970.0, "test/loss.tram": 2.504438638687134, "test/acc.tram": 0.0, "test/cnt.tram": 2960.0, "test/macro_avg_acc": 0.09380470961332321, "_wandb": {"runtime": 621}}