{"val/acc": 0.41239893436431885, "val/loss": 1.785399079322815, "val/loss.a": 1.3630903959274292, "val/acc.a": 0.5266666412353516, "val/cnt.a": 3300.0, "val/acc.real": 0.4862348139286041, "val/count.real": 9880.0, "val/lloss.real": 1.4718910455703735, "val/loss.b": 1.5755808353424072, "val/acc.b": 0.449240118265152, "val/cnt.b": 3290.0, "val/loss.c": 1.4773324728012085, "val/acc.c": 0.482674777507782, "val/cnt.c": 3290.0, "val/loss.s1": 1.89364492893219, "val/acc.s1": 0.38606059551239014, "val/cnt.s1": 3300.0, "val/acc.seen": 0.3841414153575897, "val/count.seen": 9900.0, "val/lloss.seen": 1.8927193880081177, "val/loss.s2": 1.9920886754989624, "val/acc.s2": 0.33606061339378357, "val/cnt.s2": 3300.0, "val/loss.s3": 1.7924246788024902, "val/acc.s3": 0.43030303716659546, "val/cnt.s3": 3300.0, "val/loss.s4": 1.883123517036438, "val/acc.s4": 0.39878788590431213, "val/cnt.s4": 3300.0, "val/acc.unseen": 0.3669697046279907, "val/count.unseen": 9900.0, "val/lloss.unseen": 1.9899497032165527, "val/loss.s5": 1.9142000675201416, "val/acc.s5": 0.3936363756656647, "val/cnt.s5": 3300.0, "val/loss.s6": 2.172525405883789, "val/acc.s6": 0.30848485231399536, "val/cnt.s6": 3300.0, "val/loss.airport": 2.321469783782959, "val/acc.airport": 0.233445942401886, "val/cnt.airport": 2960.0, "val/loss.bus": 1.5217509269714355, "val/acc.bus": 0.4643097519874573, "val/cnt.bus": 2970.0, "val/loss.metro": 1.880027174949646, "val/acc.metro": 0.3336700201034546, "val/cnt.metro": 2970.0, "val/loss.metro_station": 1.6423895359039307, "val/acc.metro_station": 0.42861953377723694, "val/cnt.metro_station": 2970.0, "val/loss.park": 1.1765729188919067, "val/acc.park": 0.636026918888092, "val/cnt.park": 2970.0, "val/loss.public_square": 2.659942150115967, "val/acc.public_square": 0.19696970283985138, "val/cnt.public_square": 2970.0, "val/loss.shopping_mall": 1.3724048137664795, "val/acc.shopping_mall": 0.5107744336128235, "val/cnt.shopping_mall": 2970.0, "val/loss.street_pedestrian": 2.1643455028533936, "val/acc.street_pedestrian": 0.3296296298503876, "val/cnt.street_pedestrian": 2970.0, "val/loss.street_traffic": 0.9778552055358887, "val/acc.street_traffic": 0.6942760944366455, "val/cnt.street_traffic": 2970.0, "val/loss.tram": 2.1368744373321533, "val/acc.tram": 0.29527026414871216, "val/cnt.tram": 2960.0, "val/macro_avg_acc": 0.412299245595932, "epoch": 150, "trainer/global_step": 4200, "_timestamp": 1729869414.6936502, "_runtime": 32471.20196533203, "_step": 234, "lr": 2.5489677035750447e-09, "train/loss": 0.1306113749742508, "test/acc": 0.4123315215110779, "test/loss": 1.78515625, "test/loss.a": 1.3630732297897339, "test/acc.a": 0.5257575511932373, "test/cnt.a": 3300.0, "test/acc.real": 0.4860323965549469, "test/count.real": 9880.0, "test/lloss.real": 1.4717916250228882, "test/loss.b": 1.5752465724945068, "test/acc.b": 0.4501519799232483, "test/cnt.b": 3290.0, "test/loss.c": 1.4773856401443481, "test/acc.c": 0.4820668697357178, "test/cnt.c": 3290.0, "test/loss.s1": 1.893311858177185, "test/acc.s1": 0.3851515054702759, "test/cnt.s1": 3300.0, "test/acc.seen": 0.3841414153575897, "test/count.seen": 9900.0, "test/lloss.seen": 1.8924715518951416, "test/loss.s2": 1.9918791055679321, "test/acc.s2": 0.3372727334499359, "test/cnt.s2": 3300.0, "test/loss.s3": 1.792223572731018, "test/acc.s3": 0.4300000071525574, "test/cnt.s3": 3300.0, "test/loss.s4": 1.8831853866577148, "test/acc.s4": 0.39878788590431213, "test/cnt.s4": 3300.0, "test/acc.unseen": 0.3669697046279907, "test/count.unseen": 9900.0, "test/lloss.unseen": 1.9901866912841797, "test/loss.s5": 1.9144080877304077, "test/acc.s5": 0.39393940567970276, "test/cnt.s5": 3300.0, "test/loss.s6": 2.172966718673706, "test/acc.s6": 0.3081818222999573, "test/cnt.s6": 3300.0, "test/loss.airport": 2.3186190128326416, "test/acc.airport": 0.23445945978164673, "test/cnt.airport": 2960.0, "test/loss.bus": 1.524047613143921, "test/acc.bus": 0.4619528651237488, "test/cnt.bus": 2970.0, "test/loss.metro": 1.8762414455413818, "test/acc.metro": 0.33468014001846313, "test/cnt.metro": 2970.0, "test/loss.metro_station": 1.644293189048767, "test/acc.metro_station": 0.42861953377723694, "test/cnt.metro_station": 2970.0, "test/loss.park": 1.1772334575653076, "test/acc.park": 0.6353535056114197, "test/cnt.park": 2970.0, "test/loss.public_square": 2.665238618850708, "test/acc.public_square": 0.1966329962015152, "test/cnt.public_square": 2970.0, "test/loss.shopping_mall": 1.3765108585357666, "test/acc.shopping_mall": 0.5097643136978149, "test/cnt.shopping_mall": 2970.0, "test/loss.street_pedestrian": 2.158317804336548, "test/acc.street_pedestrian": 0.3309764266014099, "test/cnt.street_pedestrian": 2970.0, "test/loss.street_traffic": 0.9793767929077148, "test/acc.street_traffic": 0.6946128010749817, "test/cnt.street_traffic": 2970.0, "test/loss.tram": 2.133366107940674, "test/acc.tram": 0.29527026414871216, "test/cnt.tram": 2960.0, "test/macro_avg_acc": 0.4122322201728821, "_wandb": {"runtime": 32470}}