{"val/acc": 0.35084232687950134, "val/loss": 1.853642225265503, "val/loss.a": 1.5755374431610107, "val/acc.a": 0.4572727382183075, "val/cnt.a": 3300.0, "val/acc.real": 0.39038461446762085, "val/count.real": 9880.0, "val/lloss.real": 1.7203247547149658, "val/loss.b": 1.8841650485992432, "val/acc.b": 0.317325234413147, "val/cnt.b": 3290.0, "val/loss.c": 1.7017123699188232, "val/acc.c": 0.3963525891304016, "val/cnt.c": 3290.0, "val/loss.s1": 1.8958266973495483, "val/acc.s1": 0.34060606360435486, "val/cnt.s1": 3300.0, "val/acc.seen": 0.3400000035762787, "val/count.seen": 9900.0, "val/lloss.seen": 1.906952977180481, "val/loss.s2": 1.958957552909851, "val/acc.s2": 0.3266666531562805, "val/cnt.s2": 3300.0, "val/loss.s3": 1.866074562072754, "val/acc.s3": 0.3527272641658783, "val/cnt.s3": 3300.0, "val/loss.s4": 1.901193380355835, "val/acc.s4": 0.3421212136745453, "val/cnt.s4": 3300.0, "val/acc.unseen": 0.3222222328186035, "val/count.unseen": 9900.0, "val/lloss.unseen": 1.933589220046997, "val/loss.s5": 1.8764526844024658, "val/acc.s5": 0.34090909361839294, "val/cnt.s5": 3300.0, "val/loss.s6": 2.0231213569641113, "val/acc.s6": 0.2836363613605499, "val/cnt.s6": 3300.0, "val/loss.airport": 1.9878745079040527, "val/acc.airport": 0.21114864945411682, "val/cnt.airport": 2960.0, "val/loss.bus": 1.772526741027832, "val/acc.bus": 0.30033668875694275, "val/cnt.bus": 2970.0, "val/loss.metro": 1.7280312776565552, "val/acc.metro": 0.34511783719062805, "val/cnt.metro": 2970.0, "val/loss.metro_station": 1.7322818040847778, "val/acc.metro_station": 0.33905723690986633, "val/cnt.metro_station": 2970.0, "val/loss.park": 2.333082675933838, "val/acc.park": 0.15555556118488312, "val/cnt.park": 2970.0, "val/loss.public_square": 2.748196601867676, "val/acc.public_square": 0.07710437476634979, "val/cnt.public_square": 2970.0, "val/loss.shopping_mall": 1.1217312812805176, "val/acc.shopping_mall": 0.837710440158844, "val/cnt.shopping_mall": 2970.0, "val/loss.street_pedestrian": 2.1807284355163574, "val/acc.street_pedestrian": 0.1602693647146225, "val/cnt.street_pedestrian": 2970.0, "val/loss.street_traffic": 1.1057963371276855, "val/acc.street_traffic": 0.7501683235168457, "val/cnt.street_traffic": 2970.0, "val/loss.tram": 1.8272340297698975, "val/acc.tram": 0.3314189314842224, "val/cnt.tram": 2960.0, "val/macro_avg_acc": 0.3507887125015259, "epoch": 24.0, "trainer/global_step": 699, "_timestamp": 1729842225.4282281, "_runtime": 5281.936543226242, "_step": 38, "lr": 0.001747500034980476, "train/loss": 1.8350363969802856}