{"val/acc": 0.18867924809455872, "val/loss": 2.2340469360351562, "val/loss.a": 2.1313095092773438, "val/acc.a": 0.22969697415828705, "val/cnt.a": 3300.0, "val/acc.real": 0.231376513838768, "val/count.real": 9880.0, "val/lloss.real": 2.1478805541992188, "val/loss.b": 2.1654322147369385, "val/acc.b": 0.24012157320976257, "val/cnt.b": 3290.0, "val/loss.c": 2.1469504833221436, "val/acc.c": 0.22431610524654388, "val/cnt.c": 3290.0, "val/loss.s1": 2.2145330905914307, "val/acc.s1": 0.20545454323291779, "val/cnt.s1": 3300.0, "val/acc.seen": 0.17626263201236725, "val/count.seen": 9900.0, "val/lloss.seen": 2.264539957046509, "val/loss.s2": 2.3247616291046143, "val/acc.s2": 0.14575757086277008, "val/cnt.s2": 3300.0, "val/loss.s3": 2.2543249130249023, "val/acc.s3": 0.1775757521390915, "val/cnt.s3": 3300.0, "val/loss.s4": 2.2870969772338867, "val/acc.s4": 0.16484849154949188, "val/cnt.s4": 3300.0, "val/acc.unseen": 0.15848484635353088, "val/count.unseen": 9900.0, "val/lloss.unseen": 2.2894816398620605, "val/loss.s5": 2.2868189811706543, "val/acc.s5": 0.16484849154949188, "val/cnt.s5": 3300.0, "val/loss.s6": 2.294529438018799, "val/acc.s6": 0.14575757086277008, "val/cnt.s6": 3300.0, "val/loss.airport": 2.7291507720947266, "val/acc.airport": 0.0, "val/cnt.airport": 2960.0, "val/loss.bus": 2.712435722351074, "val/acc.bus": 0.00033670032280497253, "val/cnt.bus": 2970.0, "val/loss.metro": 2.0702202320098877, "val/acc.metro": 0.1047138050198555, "val/cnt.metro": 2970.0, "val/loss.metro_station": 2.1397957801818848, "val/acc.metro_station": 0.0, "val/cnt.metro_station": 2970.0, "val/loss.park": 2.186511516571045, "val/acc.park": 0.43030303716659546, "val/cnt.park": 2970.0, "val/loss.public_square": 2.435145139694214, "val/acc.public_square": 0.0, "val/cnt.public_square": 2970.0, "val/loss.shopping_mall": 1.9366493225097656, "val/acc.shopping_mall": 0.6164982914924622, "val/cnt.shopping_mall": 2970.0, "val/loss.street_pedestrian": 2.141679048538208, "val/acc.street_pedestrian": 0.0, "val/cnt.street_pedestrian": 2970.0, "val/loss.street_traffic": 1.6279385089874268, "val/acc.street_traffic": 0.7282828092575073, "val/cnt.street_traffic": 2970.0, "val/loss.tram": 2.3628292083740234, "val/acc.tram": 0.0054054055362939835, "val/cnt.tram": 2960.0, "val/macro_avg_acc": 0.18855400383472443, "epoch": 1, "trainer/global_step": 28, "_timestamp": 1740638052.7004008, "_runtime": 466.1201467514038, "_step": 1, "test/acc": 0.18867924809455872, "test/loss": 2.234046697616577, "test/loss.a": 2.131309747695923, "test/acc.a": 0.22969697415828705, "test/cnt.a": 3300.0, "test/acc.real": 0.231376513838768, "test/count.real": 9880.0, "test/lloss.real": 2.1478805541992188, "test/loss.b": 2.1654324531555176, "test/acc.b": 0.24012157320976257, "test/cnt.b": 3290.0, "test/loss.c": 2.1469504833221436, "test/acc.c": 0.22431610524654388, "test/cnt.c": 3290.0, "test/loss.s1": 2.2145330905914307, "test/acc.s1": 0.20545454323291779, "test/cnt.s1": 3300.0, "test/acc.seen": 0.17626263201236725, "test/count.seen": 9900.0, "test/lloss.seen": 2.2645397186279297, "test/loss.s2": 2.324761390686035, "test/acc.s2": 0.14575757086277008, "test/cnt.s2": 3300.0, "test/loss.s3": 2.2543249130249023, "test/acc.s3": 0.1775757521390915, "test/cnt.s3": 3300.0, "test/loss.s4": 2.2870969772338867, "test/acc.s4": 0.16484849154949188, "test/cnt.s4": 3300.0, "test/acc.unseen": 0.15848484635353088, "test/count.unseen": 9900.0, "test/lloss.unseen": 2.2894816398620605, "test/loss.s5": 2.2868189811706543, "test/acc.s5": 0.16484849154949188, "test/cnt.s5": 3300.0, "test/loss.s6": 2.2945291996002197, "test/acc.s6": 0.14575757086277008, "test/cnt.s6": 3300.0, "test/loss.airport": 2.7291510105133057, "test/acc.airport": 0.0, "test/cnt.airport": 2960.0, "test/loss.bus": 2.712435722351074, "test/acc.bus": 0.00033670032280497253, "test/cnt.bus": 2970.0, "test/loss.metro": 2.0702202320098877, "test/acc.metro": 0.1047138050198555, "test/cnt.metro": 2970.0, "test/loss.metro_station": 2.1397957801818848, "test/acc.metro_station": 0.0, "test/cnt.metro_station": 2970.0, "test/loss.park": 2.186511516571045, "test/acc.park": 0.43030303716659546, "test/cnt.park": 2970.0, "test/loss.public_square": 2.435145378112793, "test/acc.public_square": 0.0, "test/cnt.public_square": 2970.0, "test/loss.shopping_mall": 1.9366493225097656, "test/acc.shopping_mall": 0.6164982914924622, "test/cnt.shopping_mall": 2970.0, "test/loss.street_pedestrian": 2.141679048538208, "test/acc.street_pedestrian": 0.0, "test/cnt.street_pedestrian": 2970.0, "test/loss.street_traffic": 1.6279385089874268, "test/acc.street_traffic": 0.7282828092575073, "test/cnt.street_traffic": 2970.0, "test/loss.tram": 2.3628292083740234, "test/acc.tram": 0.0054054055362939835, "test/cnt.tram": 2960.0, "test/macro_avg_acc": 0.18855400383472443, "_wandb": {"runtime": 465}}