{"val/acc": 0.0997304618358612, "val/loss": 2.3994081020355225, "val/loss.a": 2.3995068073272705, "val/acc.a": 0.10000000149011612, "val/cnt.a": 3300.0, "val/acc.real": 0.09919027984142303, "val/count.real": 9880.0, "val/lloss.real": 2.3999433517456055, "val/loss.b": 2.4017534255981445, "val/acc.b": 0.09726443886756897, "val/cnt.b": 3290.0, "val/loss.c": 2.398571729660034, "val/acc.c": 0.10030394792556763, "val/cnt.c": 3290.0, "val/loss.s1": 2.3985848426818848, "val/acc.s1": 0.10000000149011612, "val/cnt.s1": 3300.0, "val/acc.seen": 0.10000000149011612, "val/count.seen": 9900.0, "val/lloss.seen": 2.3989665508270264, "val/loss.s2": 2.3992180824279785, "val/acc.s2": 0.10000000149011612, "val/cnt.s2": 3300.0, "val/loss.s3": 2.399097204208374, "val/acc.s3": 0.10000000149011612, "val/cnt.s3": 3300.0, "val/loss.s4": 2.398591995239258, "val/acc.s4": 0.10000000149011612, "val/cnt.s4": 3300.0, "val/acc.unseen": 0.10000000149011612, "val/count.unseen": 9900.0, "val/lloss.unseen": 2.398463726043701, "val/loss.s5": 2.3981690406799316, "val/acc.s5": 0.10000000149011612, "val/cnt.s5": 3300.0, "val/loss.s6": 2.398630380630493, "val/acc.s6": 0.10000000149011612, "val/cnt.s6": 3300.0, "val/loss.airport": 1.7654013633728027, "val/acc.airport": 1.0, "val/cnt.airport": 2960.0, "val/loss.bus": 2.05430006980896, "val/acc.bus": 0.0, "val/cnt.bus": 2970.0, "val/loss.metro": 2.109618902206421, "val/acc.metro": 0.0, "val/cnt.metro": 2970.0, "val/loss.metro_station": 2.6678004264831543, "val/acc.metro_station": 0.0, "val/cnt.metro_station": 2970.0, "val/loss.park": 2.5904171466827393, "val/acc.park": 0.0, "val/cnt.park": 2970.0, "val/loss.public_square": 3.3964433670043945, "val/acc.public_square": 0.0, "val/cnt.public_square": 2970.0, "val/loss.shopping_mall": 2.0655977725982666, "val/acc.shopping_mall": 0.0, "val/cnt.shopping_mall": 2970.0, "val/loss.street_pedestrian": 2.1301939487457275, "val/acc.street_pedestrian": 0.0, "val/cnt.street_pedestrian": 2970.0, "val/loss.street_traffic": 2.283325672149658, "val/acc.street_traffic": 0.0, "val/cnt.street_traffic": 2970.0, "val/loss.tram": 2.9277892112731934, "val/acc.tram": 0.0, "val/cnt.tram": 2960.0, "val/macro_avg_acc": 0.10000000149011612, "epoch": 0, "trainer/global_step": 27, "_timestamp": 1726471429.4074545, "_runtime": 421.36872243881226, "_step": 0}