{"lr": 0.0002474999928381294, "epoch": 0.0, "train/loss": 2.182748317718506, "trainer/global_step": 99, "_timestamp": 1738913635.8942432, "_runtime": 223.71084213256836, "_step": 1}