{"val/acc": 0.2915431261062622, "val/loss": 1.9823392629623413, "val/loss.a": 1.581526517868042, "val/acc.a": 0.4151515066623688, "val/cnt.a": 3300.0, "val/acc.real": 0.38613361120224, "val/count.real": 9880.0, "val/lloss.real": 1.6426877975463867, "val/loss.b": 1.778000831604004, "val/acc.b": 0.33252280950546265, "val/cnt.b": 3290.0, "val/loss.c": 1.5687217712402344, "val/acc.c": 0.41063830256462097, "val/cnt.c": 3290.0, "val/loss.s1": 2.1002211570739746, "val/acc.s1": 0.24909090995788574, "val/cnt.s1": 3300.0, "val/acc.seen": 0.23757575452327728, "val/count.seen": 9900.0, "val/lloss.seen": 2.1290783882141113, "val/loss.s2": 2.173065185546875, "val/acc.s2": 0.21909090876579285, "val/cnt.s2": 3300.0, "val/loss.s3": 2.1139485836029053, "val/acc.s3": 0.24454545974731445, "val/cnt.s3": 3300.0, "val/loss.s4": 2.2272896766662598, "val/acc.s4": 0.24848484992980957, "val/cnt.s4": 3300.0, "val/acc.unseen": 0.25111111998558044, "val/count.unseen": 9900.0, "val/lloss.unseen": 2.1750617027282715, "val/loss.s5": 2.078930616378784, "val/acc.s5": 0.2736363708972931, "val/cnt.s5": 3300.0, "val/loss.s6": 2.2189650535583496, "val/acc.s6": 0.23121212422847748, "val/cnt.s6": 3300.0, "val/loss.airport": 1.7244046926498413, "val/acc.airport": 0.22770270705223083, "val/cnt.airport": 2960.0, "val/loss.bus": 1.4157060384750366, "val/acc.bus": 0.4377104341983795, "val/cnt.bus": 2970.0, "val/loss.metro": 1.3470162153244019, "val/acc.metro": 0.44983166456222534, "val/cnt.metro": 2970.0, "val/loss.metro_station": 1.9191898107528687, "val/acc.metro_station": 0.20033669471740723, "val/cnt.metro_station": 2970.0, "val/loss.park": 1.7490425109863281, "val/acc.park": 0.5373737215995789, "val/cnt.park": 2970.0, "val/loss.public_square": 2.8788604736328125, "val/acc.public_square": 0.0309764314442873, "val/cnt.public_square": 2970.0, "val/loss.shopping_mall": 2.0088536739349365, "val/acc.shopping_mall": 0.34983164072036743, "val/cnt.shopping_mall": 2970.0, "val/loss.street_pedestrian": 2.403592586517334, "val/acc.street_pedestrian": 0.3441077470779419, "val/cnt.street_pedestrian": 2970.0, "val/loss.street_traffic": 2.652034044265747, "val/acc.street_traffic": 0.14915825426578522, "val/cnt.street_traffic": 2970.0, "val/loss.tram": 1.7246110439300537, "val/acc.tram": 0.18783783912658691, "val/cnt.tram": 2960.0, "val/macro_avg_acc": 0.2914867401123047, "epoch": 20, "trainer/global_step": 560, "_timestamp": 1741357832.3378432, "_runtime": 5077.887650251389, "_step": 31, "lr": 0.0002744999947026372, "train/loss": 1.5430335998535156, "test/acc": 0.2915431261062622, "test/loss": 1.9823395013809204, "test/loss.a": 1.5815266370773315, "test/acc.a": 0.4151515066623688, "test/cnt.a": 3300.0, "test/acc.real": 0.38613361120224, "test/count.real": 9880.0, "test/lloss.real": 1.6426877975463867, "test/loss.b": 1.7780009508132935, "test/acc.b": 0.33252280950546265, "test/cnt.b": 3290.0, "test/loss.c": 1.5687217712402344, "test/acc.c": 0.41063830256462097, "test/cnt.c": 3290.0, "test/loss.s1": 2.1002211570739746, "test/acc.s1": 0.24909090995788574, "test/cnt.s1": 3300.0, "test/acc.seen": 0.23757575452327728, "test/count.seen": 9900.0, "test/lloss.seen": 2.1290783882141113, "test/loss.s2": 2.173065423965454, "test/acc.s2": 0.21909090876579285, "test/cnt.s2": 3300.0, "test/loss.s3": 2.1139485836029053, "test/acc.s3": 0.24454545974731445, "test/cnt.s3": 3300.0, "test/loss.s4": 2.2272896766662598, "test/acc.s4": 0.24848484992980957, "test/cnt.s4": 3300.0, "test/acc.unseen": 0.25111111998558044, "test/count.unseen": 9900.0, "test/lloss.unseen": 2.1750619411468506, "test/loss.s5": 2.078930616378784, "test/acc.s5": 0.2736363708972931, "test/cnt.s5": 3300.0, "test/loss.s6": 2.2189650535583496, "test/acc.s6": 0.23121212422847748, "test/cnt.s6": 3300.0, "test/loss.airport": 1.7244048118591309, "test/acc.airport": 0.22770270705223083, "test/cnt.airport": 2960.0, "test/loss.bus": 1.415705919265747, "test/acc.bus": 0.4377104341983795, "test/cnt.bus": 2970.0, "test/loss.metro": 1.3470163345336914, "test/acc.metro": 0.44983166456222534, "test/cnt.metro": 2970.0, "test/loss.metro_station": 1.9191898107528687, "test/acc.metro_station": 0.20033669471740723, "test/cnt.metro_station": 2970.0, "test/loss.park": 1.7490426301956177, "test/acc.park": 0.5373737215995789, "test/cnt.park": 2970.0, "test/loss.public_square": 2.8788604736328125, "test/acc.public_square": 0.0309764314442873, "test/cnt.public_square": 2970.0, "test/loss.shopping_mall": 2.0088536739349365, "test/acc.shopping_mall": 0.34983164072036743, "test/cnt.shopping_mall": 2970.0, "test/loss.street_pedestrian": 2.403592586517334, "test/acc.street_pedestrian": 0.3441077470779419, "test/cnt.street_pedestrian": 2970.0, "test/loss.street_traffic": 2.652034044265747, "test/acc.street_traffic": 0.14915825426578522, "test/cnt.street_traffic": 2970.0, "test/loss.tram": 1.7246108055114746, "test/acc.tram": 0.18783783912658691, "test/cnt.tram": 2960.0, "test/macro_avg_acc": 0.2914867103099823, "_wandb": {"runtime": 5076}}