{"val/acc": 0.211792454123497, "val/loss": 2.242225170135498, "val/loss.a": 2.069801092147827, "val/acc.a": 0.24969696998596191, "val/cnt.a": 3300.0, "val/acc.real": 0.23461538553237915, "val/count.real": 9880.0, "val/lloss.real": 2.086634874343872, "val/loss.b": 2.1069436073303223, "val/acc.b": 0.22887538373470306, "val/cnt.b": 3290.0, "val/loss.c": 2.083211660385132, "val/acc.c": 0.2252279669046402, "val/cnt.c": 3290.0, "val/loss.s1": 2.1866657733917236, "val/acc.s1": 0.25939393043518066, "val/cnt.s1": 3300.0, "val/acc.seen": 0.21393939852714539, "val/count.seen": 9900.0, "val/lloss.seen": 2.300386667251587, "val/loss.s2": 2.4445619583129883, "val/acc.s2": 0.1684848517179489, "val/cnt.s2": 3300.0, "val/loss.s3": 2.269932508468628, "val/acc.s3": 0.21393939852714539, "val/cnt.s3": 3300.0, "val/loss.s4": 2.3295319080352783, "val/acc.s4": 0.18333333730697632, "val/cnt.s4": 3300.0, "val/acc.unseen": 0.18686868250370026, "val/count.unseen": 9900.0, "val/lloss.unseen": 2.338479995727539, "val/loss.s5": 2.3484184741973877, "val/acc.s5": 0.21181818842887878, "val/cnt.s5": 3300.0, "val/loss.s6": 2.3374898433685303, "val/acc.s6": 0.16545455157756805, "val/cnt.s6": 3300.0, "val/loss.airport": 2.2118892669677734, "val/acc.airport": 0.164527028799057, "val/cnt.airport": 2960.0, "val/loss.bus": 2.4843251705169678, "val/acc.bus": 0.273063987493515, "val/cnt.bus": 2970.0, "val/loss.metro": 2.12463116645813, "val/acc.metro": 0.13501682877540588, "val/cnt.metro": 2970.0, "val/loss.metro_station": 1.9082316160202026, "val/acc.metro_station": 0.1303030252456665, "val/cnt.metro_station": 2970.0, "val/loss.park": 2.3038899898529053, "val/acc.park": 0.4292929172515869, "val/cnt.park": 2970.0, "val/loss.public_square": 2.6254723072052, "val/acc.public_square": 0.031986530870199203, "val/cnt.public_square": 2970.0, "val/loss.shopping_mall": 2.1277458667755127, "val/acc.shopping_mall": 0.1797979772090912, "val/cnt.shopping_mall": 2970.0, "val/loss.street_pedestrian": 2.4156229496002197, "val/acc.street_pedestrian": 0.0, "val/cnt.street_pedestrian": 2970.0, "val/loss.street_traffic": 1.3367677927017212, "val/acc.street_traffic": 0.7730639576911926, "val/cnt.street_traffic": 2970.0, "val/loss.tram": 2.8828659057617188, "val/acc.tram": 0.0, "val/cnt.tram": 2960.0, "val/macro_avg_acc": 0.21170520782470703, "epoch": 1, "trainer/global_step": 28, "_timestamp": 1740637110.2062433, "_runtime": 654.8620293140411, "_step": 1, "test/acc": 0.211792454123497, "test/loss": 2.242225170135498, "test/loss.a": 2.069800853729248, "test/acc.a": 0.24969696998596191, "test/cnt.a": 3300.0, "test/acc.real": 0.23461538553237915, "test/count.real": 9880.0, "test/lloss.real": 2.086634874343872, "test/loss.b": 2.106943368911743, "test/acc.b": 0.22887538373470306, "test/cnt.b": 3290.0, "test/loss.c": 2.083211660385132, "test/acc.c": 0.2252279669046402, "test/cnt.c": 3290.0, "test/loss.s1": 2.1866660118103027, "test/acc.s1": 0.25939393043518066, "test/cnt.s1": 3300.0, "test/acc.seen": 0.21393939852714539, "test/count.seen": 9900.0, "test/lloss.seen": 2.300386667251587, "test/loss.s2": 2.4445619583129883, "test/acc.s2": 0.1684848517179489, "test/cnt.s2": 3300.0, "test/loss.s3": 2.269932508468628, "test/acc.s3": 0.21393939852714539, "test/cnt.s3": 3300.0, "test/loss.s4": 2.3295319080352783, "test/acc.s4": 0.18333333730697632, "test/cnt.s4": 3300.0, "test/acc.unseen": 0.18686868250370026, "test/count.unseen": 9900.0, "test/lloss.unseen": 2.338479995727539, "test/loss.s5": 2.3484184741973877, "test/acc.s5": 0.21181818842887878, "test/cnt.s5": 3300.0, "test/loss.s6": 2.3374898433685303, "test/acc.s6": 0.16545455157756805, "test/cnt.s6": 3300.0, "test/loss.airport": 2.2118890285491943, "test/acc.airport": 0.164527028799057, "test/cnt.airport": 2960.0, "test/loss.bus": 2.484325408935547, "test/acc.bus": 0.273063987493515, "test/cnt.bus": 2970.0, "test/loss.metro": 2.124631404876709, "test/acc.metro": 0.13501682877540588, "test/cnt.metro": 2970.0, "test/loss.metro_station": 1.9082317352294922, "test/acc.metro_station": 0.1303030252456665, "test/cnt.metro_station": 2970.0, "test/loss.park": 2.3038899898529053, "test/acc.park": 0.4292929172515869, "test/cnt.park": 2970.0, "test/loss.public_square": 2.6254723072052, "test/acc.public_square": 0.031986530870199203, "test/cnt.public_square": 2970.0, "test/loss.shopping_mall": 2.127746105194092, "test/acc.shopping_mall": 0.1797979772090912, "test/cnt.shopping_mall": 2970.0, "test/loss.street_pedestrian": 2.4156229496002197, "test/acc.street_pedestrian": 0.0, "test/cnt.street_pedestrian": 2970.0, "test/loss.street_traffic": 1.3367677927017212, "test/acc.street_traffic": 0.7730639576911926, "test/cnt.street_traffic": 2970.0, "test/loss.tram": 2.8828659057617188, "test/acc.tram": 0.0, "test/cnt.tram": 2960.0, "test/macro_avg_acc": 0.21170520782470703, "_wandb": {"runtime": 654}}