{"val/acc": 0.1000673845410347, "val/loss": 2.3222198486328125, "val/loss.a": 2.314061164855957, "val/acc.a": 0.10000000149011612, "val/cnt.a": 3300.0, "val/acc.real": 0.10020242631435394, "val/count.real": 9880.0, "val/lloss.real": 2.3136696815490723, "val/loss.b": 2.316303014755249, "val/acc.b": 0.10030394792556763, "val/cnt.b": 3290.0, "val/loss.c": 2.3106436729431152, "val/acc.c": 0.10030394792556763, "val/cnt.c": 3290.0, "val/loss.s1": 2.3264212608337402, "val/acc.s1": 0.10000000149011612, "val/cnt.s1": 3300.0, "val/acc.seen": 0.10000000149011612, "val/count.seen": 9900.0, "val/lloss.seen": 2.328160524368286, "val/loss.s2": 2.3223185539245605, "val/acc.s2": 0.10000000149011612, "val/cnt.s2": 3300.0, "val/loss.s3": 2.3357419967651367, "val/acc.s3": 0.10000000149011612, "val/cnt.s3": 3300.0, "val/loss.s4": 2.3431413173675537, "val/acc.s4": 0.10000000149011612, "val/cnt.s4": 3300.0, "val/acc.unseen": 0.10000000149011612, "val/count.unseen": 9900.0, "val/lloss.unseen": 2.324883222579956, "val/loss.s5": 2.3102502822875977, "val/acc.s5": 0.10000000149011612, "val/cnt.s5": 3300.0, "val/loss.s6": 2.321258068084717, "val/acc.s6": 0.10000000149011612, "val/cnt.s6": 3300.0, "val/loss.airport": 2.308068037033081, "val/acc.airport": 0.11148648709058762, "val/cnt.airport": 2960.0, "val/loss.bus": 2.294753313064575, "val/acc.bus": 0.1111111119389534, "val/cnt.bus": 2970.0, "val/loss.metro": 2.3316402435302734, "val/acc.metro": 0.0, "val/cnt.metro": 2970.0, "val/loss.metro_station": 2.440444231033325, "val/acc.metro_station": 0.0, "val/cnt.metro_station": 2970.0, "val/loss.park": 2.1142680644989014, "val/acc.park": 0.4444444477558136, "val/cnt.park": 2970.0, "val/loss.public_square": 2.2883028984069824, "val/acc.public_square": 0.2222222238779068, "val/cnt.public_square": 2970.0, "val/loss.shopping_mall": 2.2925424575805664, "val/acc.shopping_mall": 0.1111111119389534, "val/cnt.shopping_mall": 2970.0, "val/loss.street_pedestrian": 2.302520275115967, "val/acc.street_pedestrian": 0.0, "val/cnt.street_pedestrian": 2970.0, "val/loss.street_traffic": 2.6054043769836426, "val/acc.street_traffic": 0.0, "val/cnt.street_traffic": 2970.0, "val/loss.tram": 2.2441818714141846, "val/acc.tram": 0.0, "val/cnt.tram": 2960.0, "val/macro_avg_acc": 0.10003753751516342, "epoch": 1, "trainer/global_step": 28, "_timestamp": 1740550125.6703029, "_runtime": 174.63178896903992, "_step": 1, "test/acc": 0.1000673845410347, "test/loss": 2.3222198486328125, "test/loss.a": 2.314061164855957, "test/acc.a": 0.10000000149011612, "test/cnt.a": 3300.0, "test/acc.real": 0.10020242631435394, "test/count.real": 9880.0, "test/lloss.real": 2.3136699199676514, "test/loss.b": 2.316303253173828, "test/acc.b": 0.10030394792556763, "test/cnt.b": 3290.0, "test/loss.c": 2.3106439113616943, "test/acc.c": 0.10030394792556763, "test/cnt.c": 3290.0, "test/loss.s1": 2.326421022415161, "test/acc.s1": 0.10000000149011612, "test/cnt.s1": 3300.0, "test/acc.seen": 0.10000000149011612, "test/count.seen": 9900.0, "test/lloss.seen": 2.328160524368286, "test/loss.s2": 2.3223187923431396, "test/acc.s2": 0.10000000149011612, "test/cnt.s2": 3300.0, "test/loss.s3": 2.3357419967651367, "test/acc.s3": 0.10000000149011612, "test/cnt.s3": 3300.0, "test/loss.s4": 2.3431413173675537, "test/acc.s4": 0.10000000149011612, "test/cnt.s4": 3300.0, "test/acc.unseen": 0.10000000149011612, "test/count.unseen": 9900.0, "test/lloss.unseen": 2.324883222579956, "test/loss.s5": 2.3102502822875977, "test/acc.s5": 0.10000000149011612, "test/cnt.s5": 3300.0, "test/loss.s6": 2.321258068084717, "test/acc.s6": 0.10000000149011612, "test/cnt.s6": 3300.0, "test/loss.airport": 2.30806827545166, "test/acc.airport": 0.11148648709058762, "test/cnt.airport": 2960.0, "test/loss.bus": 2.2947535514831543, "test/acc.bus": 0.1111111119389534, "test/cnt.bus": 2970.0, "test/loss.metro": 2.3316402435302734, "test/acc.metro": 0.0, "test/cnt.metro": 2970.0, "test/loss.metro_station": 2.440444231033325, "test/acc.metro_station": 0.0, "test/cnt.metro_station": 2970.0, "test/loss.park": 2.1142680644989014, "test/acc.park": 0.4444444477558136, "test/cnt.park": 2970.0, "test/loss.public_square": 2.2883028984069824, "test/acc.public_square": 0.2222222238779068, "test/cnt.public_square": 2970.0, "test/loss.shopping_mall": 2.2925424575805664, "test/acc.shopping_mall": 0.1111111119389534, "test/cnt.shopping_mall": 2970.0, "test/loss.street_pedestrian": 2.302520275115967, "test/acc.street_pedestrian": 0.0, "test/cnt.street_pedestrian": 2970.0, "test/loss.street_traffic": 2.6054041385650635, "test/acc.street_traffic": 0.0, "test/cnt.street_traffic": 2970.0, "test/loss.tram": 2.2441816329956055, "test/acc.tram": 0.0, "test/cnt.tram": 2960.0, "test/macro_avg_acc": 0.10003753751516342, "_wandb": {"runtime": 173}}